"meta_analysis","meta_analysis_doi","meta_analysis_year","study","study_doi","study_year","yi","lower","upper","sei","group","group_secondary","favours_oxytocin","doses","meta_analysis_pop_ind"
"Yang","10.1016/j.neubiorev.2021.03.033",2021,"mikolaijczak_2010","10.1177/0956797610377343",2010,2.18,1.55,2.82,0.323979591836735,"healthy","","positive","single",NA
"Yang","10.1016/j.neubiorev.2021.03.033",2021,"kosfeld_2005","10.1038/nature03701",2005,2.7,1.99,3.41,0.362244897959184,"healthy","","positive","single",NA
"Yang","10.1016/j.neubiorev.2021.03.033",2021,"klackl_2013","10.1016/j.biopsycho.2012.11.010",2013,2.3,1.51,3.1,0.405612244897959,"healthy","","positive","single",NA
"Yang","10.1016/j.neubiorev.2021.03.033",2021,"de-dreu_2010","10.1126/science.1189047",2010,2.05,0.57,3.53,0.755102040816326,"healthy","","positive","single",NA
"Yang","10.1016/j.neubiorev.2021.03.033",2021,"feng_2015","10.1007/s11682-014-9333-9",2015,-1.66,-2.1,-1.21,0.227040816326531,"healthy","","positive","single",NA
"Yang","10.1016/j.neubiorev.2021.03.033",2021,"chen_2015","10.1007/s11682-015-9411-7",2016,-0.17,-0.6,0.27,0.221938775510204,"healthy","","positive","single",NA
"Yang","10.1016/j.neubiorev.2021.03.033",2021,"baumgartner_2008","10.1016/j.neuron.2008.04.009",2008,0.15,-0.41,0.71,0.285714285714286,"healthy","","positive","single",NA
"Yang","10.1016/j.neubiorev.2021.03.033",2021,"yao_2014","10.1017/S146114571400090X",2014,0.72,0.3,1.14,0.214285714285714,"healthy","","positive","single",NA
"Yang","10.1016/j.neubiorev.2021.03.033",2021,"rilling_2014","10.1016/j.psyneuen.2013.09.022",2014,0.84,0.23,1.45,0.311224489795918,"healthy","","positive","single",NA
"Yang","10.1016/j.neubiorev.2021.03.033",2021,"lambert_2017","10.1016/j.yhbeh.2017.06.011",2017,-1.73,-2.31,-1.15,0.295918367346939,"healthy","","positive","single",NA
"Yang","10.1016/j.neubiorev.2021.03.033",2021,"yan_2018","10.1073/pnas.1800779115",2018,1.61,1.02,2.21,0.303571428571429,"healthy","","positive","single",NA
"Yang","10.1016/j.neubiorev.2021.03.033",2021,"kret_2017","10.1098/rspb.2016.2554",2017,-0.3,-1.24,0.64,0.479591836734694,"healthy","","positive","single",NA
"Yang","10.1016/j.neubiorev.2021.03.033",2021,"venta_2017","10.1080/15374416.2017.1399401",2017,-2.78,-3.59,-1.97,0.413265306122449,"healthy","","positive","single",NA
"Yang","10.1016/j.neubiorev.2021.03.033",2021,"aydogan_2017","10.1093/scan/nsx101",2017,1.44,1.07,1.81,0.188775510204082,"healthy","","positive","single",NA
"Yang","10.1016/j.neubiorev.2021.03.033",2021,"daughters_2017","10.1016/j.psyneuen.2016.11.039",2017,-0.54,-1.38,0.3,0.428571428571429,"healthy","","positive","single",NA
"Yang","10.1016/j.neubiorev.2021.03.033",2021,"ide_2018","10.1016/j.neuroimage.2018.02.035",2018,0.27,-1.06,1.6,0.678571428571429,"healthy","","positive","single",NA
"Yang","10.1016/j.neubiorev.2021.03.033",2021,"chen_2019","10.1111/gbb.12555",2019,-0.14,-0.53,0.25,0.198979591836735,"healthy","","positive","single",NA
"Yang","10.1016/j.neubiorev.2021.03.033",2021,"ten-velden_2017","10.1016/j.yhbeh.2016.06.005",2017,0.75,-0.69,2.19,0.73469387755102,"healthy","","positive","single",NA
"Yang","10.1016/j.neubiorev.2021.03.033",2021,"zhu_2019","10.1016/j.psyneuen.2019.06.016",2019,0.83,0.12,1.55,0.364795918367347,"healthy","","positive","single",NA
"Yang","10.1016/j.neubiorev.2021.03.033",2021,"radke_2012","10.3389/fnhum.2012.00193",2012,2.59,1.82,3.35,0.39030612244898,"healthy","","positive","single",NA
"Yang","10.1016/j.neubiorev.2021.03.033",2021,"zheng_2016","10.1016/j.yhbeh.2016.07.003",2016,1.95,1.41,2.59,0.301020408163265,"healthy","","positive","single",NA
"Yang","10.1016/j.neubiorev.2021.03.033",2021,"riem_2013","10.1016/j.psyneuen.2012.12.023",2013,0.77,0.21,1.32,0.283163265306122,"healthy","","positive","single",NA
"Yang","10.1016/j.neubiorev.2021.03.033",2021,"andari_2010","10.1073/pnas.0910249107",2010,1.34,0.49,2.19,0.433673469387755,"ASD","","positive","single",NA
"Yang","10.1016/j.neubiorev.2021.03.033",2021,"bartz_2011a","10.1093/scan/nsq085",2011,-2.45,-3.47,-1.43,0.520408163265306,"BPD","","positive","single",NA
"Yang","10.1016/j.neubiorev.2021.03.033",2021,"bartz_2011b","10.1016/j.tics.2011.05.002",2011,1.45,0.58,2.31,0.441326530612245,"healthy","","positive","single",NA
"Yang","10.1016/j.neubiorev.2021.03.033",2021,"ebert_2013","10.1080/17470919.2013.807301",2013,-2.43,-3.45,-1.42,0.517857142857143,"BPD","","positive","single",NA
"Yang","10.1016/j.neubiorev.2021.03.033",2021,"ebert_2013","10.1080/17470919.2013.807301",2013,0.29,-0.49,1.06,0.395408163265306,"healthy","","positive","single",NA
"Yang","10.1016/j.neubiorev.2021.03.033",2021,"israel_2012","10.1016/j.psyneuen.2012.02.001",2012,1.68,-0.02,3.39,0.869897959183674,"healthy","","positive","single",NA
"Yang","10.1016/j.neubiorev.2021.03.033",2021,"declerck_2010","10.1016/j.yhbeh.2010.01.006",2010,0.79,0.43,1.15,0.183673469387755,"healthy","","positive","single",NA
"Yang","10.1016/j.neubiorev.2021.03.033",2021,"stanton_2007","",2017,1.82,0.62,3.02,0.612244897959184,"healthy","","positive","single",NA
"Sabe_1","10.1093/ijnp/pyab020 ",2021,"davis_2014","10.1038/npp.2014.68",2014,0.1,-0.65,0.86,0.385204081632653,"SCZ","","negative","multiple",NA
"Sabe_1","10.1093/ijnp/pyab020",2021,"lee_2013","10.1016/j.schres.2013.01.001",2013,0.03,-0.72,0.77,0.380102040816327,"SCZ","SZD","negative","multiple",NA
"Sabe_1","10.1093/ijnp/pyab020",2021,"dagani_2016","10.1016/j.schres.2016.02.011",2016,-0.07,-0.77,0.62,0.354591836734694,"SCZ","","negative","multiple",NA
"Sabe_1","10.1093/ijnp/pyab020",2021,"cacciotti-saija_2015","10.1093/schbul/sbu094",2015,0.28,-0.26,0.83,0.278061224489796,"SCZ","SZD","negative","multiple",NA
"Sabe_1","10.1093/ijnp/pyab020",2021,"gibson_2014","10.1016/j.schres.2014.04.009",2014,-1.18,-2.36,0,0.602040816326531,"SCZ","","negative","multiple",NA
"Sabe_1","10.1093/ijnp/pyab020",2021,"feifel_2010","10.1016/j.biopsych.2010.04.039",2010,-0.31,-1.21,0.6,0.461734693877551,"SCZ","","negative","multiple",NA
"Sabe_1","10.1093/ijnp/pyab020",2021,"modabbernia_2013","10.1007/s40263-012-0022-1",2013,-1.35,-2.04,-0.65,0.354591836734694,"SCZ","SZD","negative","multiple",NA
"Sabe_1","10.1093/ijnp/pyab020",2021,"buchanan_2017","10.1097/JCP.0000000000000720",2017,-0.2,-0.87,0.48,0.344387755102041,"SCZ","SZD","negative","multiple",NA
"Sabe_1","10.1093/ijnp/pyab020",2021,"jarskog_2017","10.1016/j.schres.2017.01.008",2017,-0.18,-1.1,-0.07,0.262755102040816,"SCZ","SZD","negative","multiple",NA
"Sabe_2","10.1093/ijnp/pyab020",2021,"lee_2013","10.1016/j.schres.2013.01.001",2013,0.4,-0.35,1.16,0.385204081632653,"SCZ","SZD","negative","multiple",NA
"Sabe_2","10.1093/ijnp/pyab020",2021,"dagani_2016","10.1016/j.schres.2016.02.011",2016,0.11,-0.8,0.58,0.352040816326531,"SCZ","","negative","multiple",NA
"Sabe_2","10.1093/ijnp/pyab020",2021,"cacciotti-saija_2015","10.1093/schbul/sbu094",2015,0.36,-0.19,0.91,0.280612244897959,"SCZ","SZD","negative","multiple",NA
"Sabe_2","10.1093/ijnp/pyab020",2021,"gibson_2014","10.1016/j.schres.2014.04.009",2014,0.47,-0.61,1.55,0.551020408163265,"SCZ","","negative","multiple",NA
"Sabe_2","10.1093/ijnp/pyab020",2021,"feifel_2010","10.1016/j.biopsych.2010.04.039",2010,-0.36,-1.3,0.53,0.466836734693878,"SCZ","","negative","multiple",NA
"Sabe_2","10.1093/ijnp/pyab020",2021,"modabbernia_2013","10.1007/s40263-012-0022-1",2013,-1.11,-1.78,-0.44,0.341836734693878,"SCZ","SZD","negative","multiple",NA
"Sabe_2","10.1093/ijnp/pyab020",2021,"jarskog_2017","10.1016/j.schres.2017.01.008",2017,0.13,-0.36,0.63,0.252551020408163,"SCZ","SZD","negative","multiple",NA
"Chen_1","10.1016/j.clnu.2021.08.011",2021,"burmester_2018","10.1016/j.appet.2018.08.003",2018,-1.14,-2.1,-0.18,0.489795918367347,"healthy","","negative","single",NA
"Chen_1","10.1016/j.clnu.2021.08.011",2021,"burmester_2019","10.1016/j.physbeh.2019.112704",2019,-2.43,-3.29,-1.57,0.438775510204082,"healthy","","negative","single",NA
"Chen_1","10.1016/j.clnu.2021.08.011",2021,"kim_2015","10.1371/journal.pone.0137514",2015,-0.15,-0.84,0.54,0.352040816326531,"healthy","","negative","single",NA
"Chen_1","10.1016/j.clnu.2021.08.011",2021,"lawson_2015","10.1002/oby.21069",2015,-0.94,-1.8,-0.09,0.436224489795918,"healthy","OWO","negative","single",NA
"Chen_1","10.1016/j.clnu.2021.08.011",2021,"leppanen_2017","10.1016/j.psyneuen.2017.01.017",2017,-0.32,-1.07,0.42,0.380102040816327,"healthy","","negative","single",NA
"Chen_1","10.1016/j.clnu.2021.08.011",2021,"leslie_2019","10.1016/j.mce.2018.12.014",2019,0.08,-0.69,0.85,0.392857142857143,"healthy","","negative","multiple",NA
"Chen_1","10.1016/j.clnu.2021.08.011",2021,"spetter_2018","10.1038/s41598-018-20963-4",2018,-0.73,-1.82,0.37,0.558673469387755,"healthy","","negative","single",NA
"Chen_1","10.1016/j.clnu.2021.08.011",2021,"thienel_2016","10.1038/ijo.2016.149",2016,0.03,-0.85,0.91,0.448979591836735,"healthy","","negative","single",NA
"Chen_1","10.1016/j.clnu.2021.08.011",2021,"thienel_2016","10.1038/ijo.2016.149",2016,-0.49,-1.43,0.45,0.479591836734694,"healthy","OWO","negative","single",NA
"Chen_1","10.1016/j.clnu.2021.08.011",2021,"kim_2015","10.1371/journal.pone.0137514",2015,0.2,-0.48,0.87,0.344387755102041,"AN","","negative","single",NA
"Chen_1","10.1016/j.clnu.2021.08.011",2021,"leppanen_2017","10.1016/j.psyneuen.2017.01.017",2017,0.13,-0.58,0.85,0.364795918367347,"AN","","negative","single",NA
"Chen_1","10.1016/j.clnu.2021.08.011",2021,"kim_2015","10.1371/journal.pone.0137514",2015,-0.47,-1.15,0.21,0.346938775510204,"BN","","negative","single",NA
"Chen_1","10.1016/j.clnu.2021.08.011",2021,"leslie_2019","10.1016/j.mce.2018.12.014",2019,-0.34,-1.14,0.47,0.410714285714286,"BN","BED","negative","multiple",NA
"Chen_1","10.1016/j.clnu.2021.08.011",2021,"warren_2018","10.1016/j.physbeh.2018.03.008",2018,0.04,-0.94,1.02,0.5,"SCZ","","negative","single",NA
"Chen_2","10.1016/j.clnu.2021.08.011",2021,"burmester_2018","10.1016/j.appet.2018.08.003",2018,-0.93,-1.86,0.01,0.477040816326531,"healthy","","negative","single",NA
"Chen_2","10.1016/j.clnu.2021.08.011",2021,"burmester_2019","10.1016/j.physbeh.2019.112704",2019,-0.93,-1.62,-0.27,0.344387755102041,"healthy","","negative","single",NA
"Chen_2","10.1016/j.clnu.2021.08.011",2021,"spetter_2018","10.1038/s41598-018-20963-4",2018,0.13,-0.92,1.18,0.535714285714286,"healthy","","negative","single",NA
"Chen_2","10.1016/j.clnu.2021.08.011",2021,"thienel_2016","10.1038/ijo.2016.149",2016,-1.14,-2.1,-0.18,0.489795918367347,"healthy","","negative","single",NA
"Chen_2","10.1016/j.clnu.2021.08.011",2021,"thienel_2016","10.1038/ijo.2016.149",2016,-1.09,-2.1,-0.08,0.51530612244898,"healthy","OWO","negative","single",NA
"Chen_2","10.1016/j.clnu.2021.08.011",2021,"burmester_2018","10.1016/j.appet.2018.08.003",2018,-0.97,-1.9,-0.03,0.477040816326531,"healthy","","negative","single",NA
"Chen_2","10.1016/j.clnu.2021.08.011",2021,"burmester_2019","10.1016/j.physbeh.2019.112704",2019,0.02,-0.62,0.66,0.326530612244898,"healthy","","negative","single",NA
"Chen_2","10.1016/j.clnu.2021.08.011",2021,"spetter_2018","10.1038/s41598-018-20963-4",2018,-0.26,-1.31,0.8,0.538265306122449,"healthy","","negative","single",NA
"Chen_2","10.1016/j.clnu.2021.08.011",2021,"thienel_2016","10.1038/ijo.2016.149",2016,0.33,-1.21,0.56,0.451530612244898,"healthy","","negative","single",NA
"Chen_2","10.1016/j.clnu.2021.08.011",2021,"thienel_2016","10.1038/ijo.2016.149",2016,-2.26,-3.5,-1.01,0.635204081632653,"healthy","OWO","negative","single",NA
"Chen_2","10.1016/j.clnu.2021.08.011",2021,"burmester_2018","10.1016/j.appet.2018.08.003",2018,-0.44,-1.33,0.45,0.454081632653061,"healthy","","negative","single",NA
"Chen_2","10.1016/j.clnu.2021.08.011",2021,"burmester_2019","10.1016/j.physbeh.2019.112704",2019,-0.17,-0.81,0.47,0.326530612244898,"healthy","","negative","single",NA
"Chen_2","10.1016/j.clnu.2021.08.011",2021,"spetter_2018","10.1038/s41598-018-20963-4",2018,0,-1.05,1.05,0.535714285714286,"healthy","","negative","single",NA
"Chen_2","10.1016/j.clnu.2021.08.011",2021,"thienel_2016","10.1038/ijo.2016.149",2016,-1.88,-2.97,-0.79,0.556122448979592,"healthy","","negative","single",NA
"Chen_2","10.1016/j.clnu.2021.08.011",2021,"thienel_2016","10.1038/ijo.2016.149",2016,-1.5,-2.58,-0.42,0.551020408163265,"healthy","OWO","negative","single",NA
"Chen_2","10.1016/j.clnu.2021.08.011",2021,"leppanen_2017","10.1016/j.psyneuen.2017.01.017",2017,0.13,-0.58,0.85,0.364795918367347,"AN","","negative","single",NA
"Chen_2","10.1016/j.clnu.2021.08.011",2021,"leppanen_2017","10.1016/j.psyneuen.2017.01.017",2017,-0.32,-1.07,0.42,0.380102040816327,"healthy","","negative","single",NA
"Chen_2","10.1016/j.clnu.2021.08.011",2021,"leslie_2019","10.1016/j.mce.2018.12.014",2019,-0.12,-0.89,0.65,0.392857142857143,"BN","BED","negative","multiple",NA
"Chen_2","10.1016/j.clnu.2021.08.011",2021,"leslie_2019","10.1016/j.mce.2018.12.014",2019,0.08,-0.66,0.82,0.377551020408163,"healthy","","negative","multiple",NA
"Chen_2","10.1016/j.clnu.2021.08.011",2021,"leslie_2019","10.1016/j.mce.2018.12.014",2019,-0.13,-0.9,0.64,0.392857142857143,"BN","BED","negative","multiple",NA
"Chen_2","10.1016/j.clnu.2021.08.011",2021,"leslie_2019","10.1016/j.mce.2018.12.014",2019,0.11,-0.63,0.85,0.377551020408163,"healthy","","negative","multiple",NA
"Chen_2","10.1016/j.clnu.2021.08.011",2021,"kim_2015","10.1371/journal.pone.0137514",2015,0.06,-0.59,0.72,0.334183673469388,"AN","","negative","single",NA
"Chen_2","10.1016/j.clnu.2021.08.011",2021,"kim_2015","10.1371/journal.pone.0137514",2015,0.24,-0.43,0.92,0.344387755102041,"healthy","","negative","single",NA
"Chen_2","10.1016/j.clnu.2021.08.011",2021,"kim_2015","10.1371/journal.pone.0137514",2015,0.2,-0.47,0.88,0.344387755102041,"BN","","negative","single",NA
"Chen_2","10.1016/j.clnu.2021.08.011",2021,"leslie_2019","10.1016/j.mce.2018.12.014",2019,-0.04,-0.81,0.73,0.392857142857143,"BN","BED","negative","multiple",NA
"Chen_2","10.1016/j.clnu.2021.08.011",2021,"leslie_2019","10.1016/j.mce.2018.12.014",2019,-0.01,-0.75,0.73,0.377551020408163,"healthy","","negative","multiple",NA
"Chen_3","10.1016/j.clnu.2021.08.011",2021,"lawson_2015","10.1002/oby.21069",2015,-0.26,-1.06,0.55,0.410714285714286,"healthy","OWO","negative","single",NA
"Chen_3","10.1016/j.clnu.2021.08.011",2021,"leslie_2019","10.1016/j.mce.2018.12.014",2019,-0.04,-0.81,0.73,0.392857142857143,"healthy","","negative","multiple",NA
"Chen_3","10.1016/j.clnu.2021.08.011",2021,"plessow_2019","10.1038/npp.2017.226",2018,-0.21,-1.45,1.04,0.635204081632653,"healthy","OWO","negative","single",NA
"Chen_3","10.1016/j.clnu.2021.08.011",2021,"striepens_2016","10.1002/hbm.23308",2016,0.09,-0.63,0.81,0.36734693877551,"healthy","","negative","single",NA
"Chen_3","10.1016/j.clnu.2021.08.011",2021,"leslie_2019","10.1016/j.mce.2018.12.014",2019,0.08,-0.72,0.81,0.39030612244898,"BN","BED","negative","multiple",NA
"Chen_3","10.1016/j.clnu.2021.08.011",2021,"warren_2018","10.1016/j.physbeh.2018.03.008",2018,-0.07,-1.05,0.91,0.5,"SCZ","","negative","single",NA
"Chen_4","10.1016/j.clnu.2021.08.011",2021,"leppanen_2017","10.1016/j.psyneuen.2017.01.017",2017,-0.12,-0.86,0.63,0.380102040816327,"healthy","","negative","single",NA
"Chen_4","10.1016/j.clnu.2021.08.011",2021,"leslie_2019","10.1016/j.mce.2018.12.014",2019,0.33,-0.44,1.11,0.395408163265306,"healthy","","negative","multiple",NA
"Chen_4","10.1016/j.clnu.2021.08.011",2021,"plessow_2019","10.1038/npp.2017.226",2018,0.06,-1.18,1.3,0.63265306122449,"healthy","OWO","negative","single",NA
"Chen_4","10.1016/j.clnu.2021.08.011",2021,"striepens_2016","10.1002/hbm.23308",2016,0.41,-0.22,0.6,0.209183673469388,"healthy","","negative","single",NA
"Chen_4","10.1016/j.clnu.2021.08.011",2021,"leppanen_2017","10.1016/j.psyneuen.2017.01.017",2017,0.02,-0.7,0.74,0.36734693877551,"AN","","negative","single",NA
"Chen_4","10.1016/j.clnu.2021.08.011",2021,"russell_2018","10.1016/j.psyneuen.2017.10.014",2018,-0.06,-1.02,0.89,0.487244897959184,"AN","","negative","multiple",NA
"Chen_4","10.1016/j.clnu.2021.08.011",2021,"leslie_2019","10.1016/j.mce.2018.12.014",2019,0,-0.8,0.8,0.408163265306122,"BN","BED","negative","multiple",NA
"Huang_1","10.1016/j.neubiorev.2020.12.028",2021,"dadds_2014","10.1007/s10803-013-1899-3",2014,-0.96,-1.63,-0.28,0.344387755102041,"ASD","","positive","multiple",NA
"Huang_1","10.1016/j.neubiorev.2020.12.028",2021,"guastella_2015","10.1111/jcpp.12305",2015,0.03,-0.53,0.56,0.278061224489796,"ASD","","positive","single",NA
"Huang_1","10.1016/j.neubiorev.2020.12.028",2021,"guastella_2015","10.1111/jcpp.12305",2015,0.16,-0.39,0.72,0.283163265306122,"ASD","","positive","single",NA
"Huang_1","10.1016/j.neubiorev.2020.12.028",2021,"hollander_2003","10.1038/sj.npp.1300021",2003,0.25,-0.47,0.97,0.36734693877551,"ASD","","positive","single",NA
"Huang_1","10.1016/j.neubiorev.2020.12.028",2021,"anagnostou_2012","10.1186/2040-2392-3-16",2012,-0.03,-0.93,0.87,0.459183673469388,"ASD","","positive","multiple",NA
"Huang_1","10.1016/j.neubiorev.2020.12.028",2021,"anagnostou_2012","10.1186/2040-2392-3-16",2012,0.41,-0.5,1.32,0.464285714285714,"ASD","","positive","multiple",NA
"Huang_1","10.1016/j.neubiorev.2020.12.028",2021,"anagnostou_2012","10.1186/2040-2392-3-16",2012,0.95,0,1.32,0.336734693877551,"ASD","","positive","multiple",NA
"Huang_1","10.1016/j.neubiorev.2020.12.028",2021,"watanabe_2015","10.1093/brain/awv249",2015,0.78,0.1,1.48,0.352040816326531,"ASD","","positive","multiple",NA
"Huang_1","10.1016/j.neubiorev.2020.12.028",2021,"watanabe_2015","10.1093/brain/awv249",2015,-0.03,-0.68,0.62,0.331632653061225,"ASD","","positive","multiple",NA
"Huang_1","10.1016/j.neubiorev.2020.12.028",2021,"watanabe_2015","10.1093/brain/awv249",2015,-0.24,-0.9,0.42,0.336734693877551,"ASD","","positive","multiple",NA
"Huang_1","10.1016/j.neubiorev.2020.12.028",2021,"watanabe_2015","10.1093/brain/awv249",2015,-0.23,-0.89,0.43,0.336734693877551,"ASD","","positive","multiple",NA
"Huang_1","10.1016/j.neubiorev.2020.12.028",2021,"watanabe_2015","10.1093/brain/awv249",2015,-0.14,-0.79,0.51,0.331632653061225,"ASD","","positive","multiple",NA
"Huang_1","10.1016/j.neubiorev.2020.12.028",2021,"watanabe_2015","10.1093/brain/awv249",2015,-0.1,-0.55,0.75,0.331632653061225,"ASD","","positive","multiple",NA
"Huang_1","10.1016/j.neubiorev.2020.12.028",2021,"watanabe_2015","10.1093/brain/awv249",2015,0.45,-0.21,1.11,0.336734693877551,"ASD","","positive","multiple",NA
"Huang_1","10.1016/j.neubiorev.2020.12.028",2021,"watanabe_2015","10.1093/brain/awv249",2015,-0.04,-0.69,0.61,0.331632653061224,"ASD","","positive","multiple",NA
"Huang_1","10.1016/j.neubiorev.2020.12.028",2021,"watanabe_2015","10.1093/brain/awv249",2015,-0.23,-0.89,0.43,0.336734693877551,"ASD","","positive","multiple",NA
"Huang_1","10.1016/j.neubiorev.2020.12.028",2021,"yatawara_2016","10.1038/mp.2015.162",2016,0.59,0.08,1.1,0.260204081632653,"ASD","","positive","multiple",NA
"Huang_1","10.1016/j.neubiorev.2020.12.028",2021,"yatawara_2016","10.1038/mp.2015.162",2016,-0.02,-0.48,0.52,0.255102040816327,"ASD","","positive","multiple",NA
"Huang_1","10.1016/j.neubiorev.2020.12.028",2021,"yatawara_2016","10.1038/mp.2015.162",2016,0.34,0.16,0.84,0.173469387755102,"ASD","","positive","multiple",NA
"Huang_1","10.1016/j.neubiorev.2020.12.028",2021,"yatawara_2016","10.1038/mp.2015.162",2016,-0.02,-0.51,0.48,0.252551020408163,"ASD","","positive","multiple",NA
"Huang_1","10.1016/j.neubiorev.2020.12.028",2021,"yatawara_2016","10.1038/mp.2015.162",2016,0.19,-0.31,0.69,0.255102040816327,"ASD","","positive","multiple",NA
"Huang_1","10.1016/j.neubiorev.2020.12.028",2021,"tachibana_2013","10.1089/cap.2012.0048",2017,1.6,0.48,2.73,0.573979591836735,"ASD","","positive","multiple",NA
"Huang_1","10.1016/j.neubiorev.2020.12.028",2021,"tachibana_2013","10.1089/cap.2012.0048",2017,1.66,0.52,2.8,0.581632653061224,"ASD","","positive","multiple",NA
"Huang_1","10.1016/j.neubiorev.2020.12.028",2021,"parker_2017","10.1073/pnas.1705521114",2017,0.01,-0.69,0.71,0.357142857142857,"ASD","","positive","multiple",NA
"Huang_1","10.1016/j.neubiorev.2020.12.028",2021,"parker_2017","10.1073/pnas.1705521114",2017,0.35,-0.35,1.05,0.357142857142857,"ASD","","positive","multiple",NA
"Huang_1","10.1016/j.neubiorev.2020.12.028",2021,"hirosawa_2017","10.1002/aur.1761",2017,0.69,-0.21,1.59,0.459183673469388,"ASD","","positive","multiple",NA
"Huang_1","10.1016/j.neubiorev.2020.12.028",2021,"hirosawa_2017","10.1002/aur.1761",2017,1.07,0.14,2.01,0.477040816326531,"ASD","","positive","multiple",NA
"Huang_1","10.1016/j.neubiorev.2020.12.028",2021,"hirosawa_2017","10.1002/aur.1761",2017,1.32,0.35,2.29,0.494897959183673,"ASD","","positive","multiple",NA
"Huang_1","10.1016/j.neubiorev.2020.12.028",2021,"hirosawa_2017","10.1002/aur.1761",2017,1.12,0.18,2.06,0.479591836734694,"ASD","","positive","multiple",NA
"Huang_1","10.1016/j.neubiorev.2020.12.028",2021,"hirosawa_2017","10.1002/aur.1761",2017,0.93,0.01,1.85,0.469387755102041,"ASD","","positive","multiple",NA
"Huang_1","10.1016/j.neubiorev.2020.12.028",2021,"hirosawa_2017","10.1002/aur.1761",2017,-0.17,-0.79,0.45,0.316326530612245,"ASD","","positive","multiple",NA
"Huang_1","10.1016/j.neubiorev.2020.12.028",2021,"hirosawa_2017","10.1002/aur.1761",2017,-0.24,-0.86,0.39,0.318877551020408,"ASD","","positive","multiple",NA
"Huang_1","10.1016/j.neubiorev.2020.12.028",2021,"hirosawa_2017","10.1002/aur.1761",2017,0.24,-0.39,0.86,0.318877551020408,"ASD","","positive","multiple",NA
"Huang_1","10.1016/j.neubiorev.2020.12.028",2021,"hirosawa_2017","10.1002/aur.1761",2017,0.26,-0.36,0.88,0.316326530612245,"ASD","","positive","multiple",NA
"Huang_1","10.1016/j.neubiorev.2020.12.028",2021,"hirosawa_2017","10.1002/aur.1761",2017,0.12,-0.5,0.74,0.316326530612245,"ASD","","positive","multiple",NA
"Huang_1","10.1016/j.neubiorev.2020.12.028",2021,"hirosawa_2017","10.1002/aur.1761",2017,-0.11,-0.73,0.51,0.316326530612245,"ASD","","positive","multiple",NA
"Huang_1","10.1016/j.neubiorev.2020.12.028",2021,"kosaka_2016","10.1038/tp.2016.152",2016,0,-0.62,0.62,0.316326530612245,"ASD","","positive","multiple",NA
"Huang_1","10.1016/j.neubiorev.2020.12.028",2021,"kosaka_2016","10.1038/tp.2016.152",2016,0,-0.62,0.62,0.316326530612245,"ASD","","positive","multiple",NA
"Huang_1","10.1016/j.neubiorev.2020.12.028",2021,"kosaka_2016","10.1038/tp.2016.152",2016,0.48,-0.15,1.11,0.321428571428571,"ASD","","positive","multiple",NA
"Huang_1","10.1016/j.neubiorev.2020.12.028",2021,"kosaka_2016","10.1038/tp.2016.152",2016,0.39,-0.24,1.02,0.321428571428571,"ASD","","positive","multiple",NA
"Huang_1","10.1016/j.neubiorev.2020.12.028",2021,"kosaka_2016","10.1038/tp.2016.152",2016,0.23,-0.39,0.85,0.316326530612245,"ASD","","positive","multiple",NA
"Huang_1","10.1016/j.neubiorev.2020.12.028",2021,"kosaka_2016","10.1038/tp.2016.152",2016,-0.01,-0.63,0.61,0.316326530612245,"ASD","","positive","multiple",NA
"Huang_1","10.1016/j.neubiorev.2020.12.028",2021,"munesue_2016","10.3389/fpsyt.2016.00002",2016,-0.25,-0.77,0.27,0.26530612244898,"ASD","","positive","multiple",NA
"Huang_1","10.1016/j.neubiorev.2020.12.028",2021,"munesue_2016","10.3389/fpsyt.2016.00002",2016,-0.27,-0.79,0.25,0.26530612244898,"ASD","","positive","multiple",NA
"Huang_1","10.1016/j.neubiorev.2020.12.028",2021,"munesue_2016","10.3389/fpsyt.2016.00002",2016,-0.45,-0.97,0.07,0.26530612244898,"ASD","","positive","multiple",NA
"Huang_1","10.1016/j.neubiorev.2020.12.028",2021,"munesue_2016","10.3389/fpsyt.2016.00002",2016,-0.13,-0.65,0.38,0.262755102040816,"ASD","","positive","multiple",NA
"Huang_1","10.1016/j.neubiorev.2020.12.028",2021,"munesue_2016","10.3389/fpsyt.2016.00002",2016,-0.23,-0.74,0.29,0.262755102040816,"ASD","","positive","multiple",NA
"Huang_1","10.1016/j.neubiorev.2020.12.028",2021,"yamasue_2018","10.1038/s41380-018-0097-2",2018,-0.08,-0.47,0.31,0.198979591836735,"ASD","","positive","multiple",NA
"Huang_1","10.1016/j.neubiorev.2020.12.028",2021,"yamasue_2018","10.1038/s41380-018-0097-2",2018,-0.07,-0.46,0.32,0.198979591836735,"ASD","","positive","multiple",NA
"Huang_1","10.1016/j.neubiorev.2020.12.028",2021,"yamasue_2018","10.1038/s41380-018-0097-2",2018,0.44,0.05,0.83,0.198979591836735,"ASD","","positive","multiple",NA
"Huang_1","10.1016/j.neubiorev.2020.12.028",2021,"yamasue_2018","10.1038/s41380-018-0097-2",2018,-0.01,-0.4,0.37,0.196428571428571,"ASD","","positive","multiple",NA
"Huang_1","10.1016/j.neubiorev.2020.12.028",2021,"yamasue_2018","10.1038/s41380-018-0097-2",2018,-0.1,-0.48,0.29,0.196428571428571,"ASD","","positive","multiple",NA
"Huang_1","10.1016/j.neubiorev.2020.12.028",2021,"yamasue_2018","10.1038/s41380-018-0097-2",2018,-0.08,-0.46,0.31,0.196428571428571,"ASD","","positive","multiple",NA
"Huang_1","10.1016/j.neubiorev.2020.12.028",2021,"yamasue_2018","10.1038/s41380-018-0097-2",2018,0.1,-0.29,0.48,0.196428571428571,"ASD","","positive","multiple",NA
"Huang_2","10.1016/j.neubiorev.2020.12.028",2021,"andari_2010","10.1073/pnas.0910249107",2010,0.64,-0.15,1.43,0.403061224489796,"ASD","","positive","single",NA
"Huang_2","10.1016/j.neubiorev.2020.12.028",2021,"andari_2010","10.1073/pnas.0910249107",2010,0.12,-0.68,0.92,0.408163265306122,"ASD","","positive","single",NA
"Huang_2","10.1016/j.neubiorev.2020.12.028",2021,"andari_2010","10.1073/pnas.0910249107",2010,0.17,-0.63,0.97,0.408163265306122,"ASD","","positive","single",NA
"Huang_2","10.1016/j.neubiorev.2020.12.028",2021,"andari_2010","10.1073/pnas.0910249107",2010,0.09,-0.71,0.89,0.408163265306122,"ASD","","positive","single",NA
"Huang_2","10.1016/j.neubiorev.2020.12.028",2021,"andari_2010","10.1073/pnas.0910249107",2010,0.17,-0.63,0.97,0.408163265306122,"ASD","","positive","single",NA
"Huang_2","10.1016/j.neubiorev.2020.12.028",2021,"auyeung_2015","10.1038/tp.2014.146 ",2015,0.32,-0.18,0.81,0.252551020408163,"ASD","","positive","single",NA
"Huang_2","10.1016/j.neubiorev.2020.12.028",2021,"dadds_2014","10.1007/s10803-013-1899-3",2014,-0.54,-1.18,0.11,0.329081632653061,"ASD","","positive","multiple",NA
"Huang_2","10.1016/j.neubiorev.2020.12.028",2021,"dadds_2014","10.1007/s10803-013-1899-3",2014,-0.17,-0.81,0.46,0.323979591836735,"ASD","","positive","multiple",NA
"Huang_2","10.1016/j.neubiorev.2020.12.028",2021,"dadds_2014","10.1007/s10803-013-1899-3",2014,0.37,-0.27,1.01,0.326530612244898,"ASD","","positive","multiple",NA
"Huang_2","10.1016/j.neubiorev.2020.12.028",2021,"domes_2013","10.1016/j.biopsych.2013.02.007",2013,-0.19,-0.93,0.55,0.377551020408163,"ASD","","positive","single",NA
"Huang_2","10.1016/j.neubiorev.2020.12.028",2021,"domes_2013","10.1016/j.biopsych.2013.02.007",2013,0.14,-0.6,0.89,0.380102040816327,"ASD","","positive","single",NA
"Huang_2","10.1016/j.neubiorev.2020.12.028",2021,"domes_2014","10.1038/npp.2013.254",2014,1.43,0.6,2.26,0.423469387755102,"ASD","","positive","single",NA
"Huang_2","10.1016/j.neubiorev.2020.12.028",2021,"domes_2014","10.1038/npp.2013.254",2014,0.17,-0.58,0.91,0.380102040816327,"ASD","","positive","single",NA
"Huang_2","10.1016/j.neubiorev.2020.12.028",2021,"domes_2014","10.1038/npp.2013.254",2014,1.16,0.03,2.3,0.579081632653061,"ASD","","positive","single",NA
"Huang_2","10.1016/j.neubiorev.2020.12.028",2021,"guastella_2010","10.1016/j.biopsych.2009.09.020",2010,0.89,0.14,1.64,0.38265306122449,"ASD","","positive","multiple",NA
"Huang_2","10.1016/j.neubiorev.2020.12.028",2021,"guastella_2015","10.1111/jcpp.12305",2015,-0.07,-0.67,0.52,0.303571428571429,"ASD","","positive","single",NA
"Huang_2","10.1016/j.neubiorev.2020.12.028",2021,"guastella_2015","10.1111/jcpp.12305",2015,0.05,-0.56,0.67,0.313775510204082,"ASD","","positive","single",NA
"Huang_2","10.1016/j.neubiorev.2020.12.028",2021,"guastella_2015","10.1111/jcpp.12305",2015,0.01,-0.54,0.57,0.283163265306122,"ASD","","positive","single",NA
"Huang_2","10.1016/j.neubiorev.2020.12.028",2021,"anagnostou_2012","10.1186/2040-2392-3-16",2012,0.33,-0.54,1.24,0.454081632653061,"ASD","","positive","multiple",NA
"Huang_2","10.1016/j.neubiorev.2020.12.028",2021,"anagnostou_2012","10.1186/2040-2392-3-16",2012,0.35,-0.56,1.26,0.464285714285714,"ASD","","positive","multiple",NA
"Huang_2","10.1016/j.neubiorev.2020.12.028",2021,"anagnostou_2012","10.1186/2040-2392-3-16",2012,1.29,0.3,2.29,0.50765306122449,"ASD","","positive","multiple",NA
"Huang_2","10.1016/j.neubiorev.2020.12.028",2021,"anagnostou_2012","10.1186/2040-2392-3-16",2012,0.3,-0.6,1.21,0.461734693877551,"ASD","","positive","multiple",NA
"Huang_2","10.1016/j.neubiorev.2020.12.028",2021,"watanabe_2014","10.1001/jamapsychiatry.2013.3181",2014,0.78,0.06,1.5,0.36734693877551,"ASD","","positive","single",NA
"Huang_2","10.1016/j.neubiorev.2020.12.028",2021,"watanabe_2014","10.1001/jamapsychiatry.2013.3181",2014,0.55,0.06,1.04,0.25,"ASD","","positive","single",NA
"Huang_2","10.1016/j.neubiorev.2020.12.028",2021,"watanabe_2014","10.1001/jamapsychiatry.2013.3181",2014,0.63,0.13,1.12,0.252551020408163,"ASD","","positive","single",NA
"Huang_2","10.1016/j.neubiorev.2020.12.028",2021,"aoki_2014","10.1093/brain/awu231",2014,0.57,-0.06,1.2,0.321428571428571,"ASD","","positive","single",NA
"Huang_2","10.1016/j.neubiorev.2020.12.028",2021,"aoki_2014","10.1093/brain/awu231",2014,0.3,-0.32,0.92,0.316326530612245,"ASD","","positive","single",NA
"Huang_2","10.1016/j.neubiorev.2020.12.028",2021,"lin_2014","10.1186/2040-2392-5-20",2014,0.56,-0.14,1.27,0.35969387755102,"ASD","","positive","single",NA
"Huang_2","10.1016/j.neubiorev.2020.12.028",2021,"watanabe_2015","10.1093/brain/awv249",2015,0.62,-0.05,1.29,0.341836734693878,"ASD","","positive","multiple",NA
"Huang_2","10.1016/j.neubiorev.2020.12.028",2021,"watanabe_2015","10.1093/brain/awv249",2015,0.53,-0.13,1.19,0.336734693877551,"ASD","","positive","multiple",NA
"Huang_2","10.1016/j.neubiorev.2020.12.028",2021,"watanabe_2015","10.1093/brain/awv249",2015,-0.32,-0.98,0.34,0.336734693877551,"ASD","","positive","multiple",NA
"Huang_2","10.1016/j.neubiorev.2020.12.028",2021,"fukai_2017","10.1016/j.pscychresns.2017.06.015",2017,-0.29,-1.17,0.59,0.448979591836735,"ASD","","positive","multiple",NA
"Huang_2","10.1016/j.neubiorev.2020.12.028",2021,"parker_2017","10.1073/pnas.1705521114",2017,0.84,0.12,1.57,0.369897959183674,"ASD","","positive","multiple",NA
"Huang_2","10.1016/j.neubiorev.2020.12.028",2021,"hirosawa_2017","10.1002/aur.1761",2017,0.07,-0.81,0.95,0.448979591836735,"ASD","","positive","multiple",NA
"Huang_2","10.1016/j.neubiorev.2020.12.028",2021,"andari_2010","10.1073/pnas.0910249107",2010,1.09,0.14,2.05,0.487244897959184,"ASD","","positive","single",NA
"Huang_2","10.1016/j.neubiorev.2020.12.028",2021,"andari_2010","10.1073/pnas.0910249107",2010,0.23,-0.66,1.13,0.456632653061225,"ASD","","positive","single",NA
"Huang_2","10.1016/j.neubiorev.2020.12.028",2021,"greene_2018","10.1186/s11689-018-9228-y",2018,0.01,-0.52,0.53,0.267857142857143,"ASD","","positive","single",NA
"Huang_2","10.1016/j.neubiorev.2020.12.028",2021,"kanat_2017","10.1038/tp.2017.67",2017,0.69,0.16,1.22,0.270408163265306,"ASD","","positive","single",NA
"Huang_2","10.1016/j.neubiorev.2020.12.028",2021,"strathearn_2018","10.1017/S0954579417001018",2018,1.28,0.52,2.04,0.387755102040816,"ASD","","positive","single",NA
"Huang_2","10.1016/j.neubiorev.2020.12.028",2021,"strathearn_2018","10.1017/S0954579417001018",2018,1.29,0.52,2.05,0.39030612244898,"ASD","","positive","single",NA
"Huang_2","10.1016/j.neubiorev.2020.12.028",2021,"kruppa_2019","10.1038/s41386-018-0258-7",2019,0.55,-0.5,1.6,0.535714285714286,"ASD","","positive","single",NA
"Huang_2","10.1016/j.neubiorev.2020.12.028",2021,"quintana_2017","10.1038/tp.2017.103",2017,0.55,-0.5,1.6,0.535714285714286,"ASD","","positive","single",NA
"Huang_2","10.1016/j.neubiorev.2020.12.028",2021,"quintana_2017","10.1038/tp.2017.103",2017,0.05,-0.62,0.72,0.341836734693878,"ASD","","positive","single",NA
"Huang_2","10.1016/j.neubiorev.2020.12.028",2021,"quintana_2017","10.1038/tp.2017.103",2017,-0.39,-1.07,0.29,0.346938775510204,"ASD","","positive","single",NA
"Huang_2","10.1016/j.neubiorev.2020.12.028",2021,"quintana_2017","10.1038/tp.2017.103",2017,-0.22,-0.9,0.45,0.344387755102041,"ASD","","positive","single",NA
"Huang_2","10.1016/j.neubiorev.2020.12.028",2021,"quintana_2017","10.1038/tp.2017.103",2017,-0.42,-1.1,0.26,0.346938775510204,"ASD","","positive","single",NA
"Huang_2","10.1016/j.neubiorev.2020.12.028",2021,"quintana_2017","10.1038/tp.2017.103",2017,0.19,-0.48,0.86,0.341836734693878,"ASD","","positive","single",NA
"Huang_2","10.1016/j.neubiorev.2020.12.028",2021,"quintana_2017","10.1038/tp.2017.103",2017,0.31,-0.37,0.98,0.344387755102041,"ASD","","positive","single",NA
"Huang_2","10.1016/j.neubiorev.2020.12.028",2021,"quintana_2017","10.1038/tp.2017.103",2017,-0.15,-0.82,0.53,0.344387755102041,"ASD","","positive","single",NA
"Huang_2","10.1016/j.neubiorev.2020.12.028",2021,"quintana_2017","10.1038/tp.2017.103",2017,-0.47,-1.16,0.21,0.349489795918367,"ASD","","positive","single",NA
"Huang_2","10.1016/j.neubiorev.2020.12.028",2021,"yamasue_2018","10.1038/s41380-018-0097-2",2018,0.14,-0.3,0.59,0.227040816326531,"ASD","","positive","multiple",NA
"Huang_2","10.1016/j.neubiorev.2020.12.028",2021,"yoshimura_2018","10.1016/j.pscychresns.2018.05.003",2018,0.07,-0.8,0.95,0.446428571428571,"ASD","","positive","multiple",NA
"ooi","10.1055/s-0042-109400",2017,"anagnostou_2012","10.1186/2040-2392-3-16",2012,1.187,NA,NA,0.479,"ASD","","positive","multiple","ooi_1"
"ooi","10.1055/s-0042-109400",2017,"andari_2010","10.1073/pnas.0910249107",2010,0.155,NA,NA,0.38,"ASD","","positive","single","ooi_1"
"ooi","10.1055/s-0042-109400",2017,"dadds_2014","10.1007/s10803-013-1899-3",2014,-0.23,NA,NA,0.319,"ASD","","positive","multiple","ooi_1"
"ooi","10.1055/s-0042-109400",2017,"domes_2013","10.1016/j.biopsych.2013.02.007",2013,-0.185,NA,NA,0.368,"ASD","","positive","single","ooi_1"
"ooi","10.1055/s-0042-109400",2017,"domes_2014","10.1038/npp.2013.254",2014,0.824,NA,NA,0.383,"ASD","","positive","single","ooi_1"
"ooi","10.1055/s-0042-109400",2017,"gordon_2013","10.1073/pnas.1312857110",2013,-0.182,NA,NA,0.336,"ASD","","positive","single","ooi_1"
"ooi","10.1055/s-0042-109400",2017,"guastella_2010","10.1016/j.biopsych.2009.09.020",2010,0.235,NA,NA,0.346,"ASD","","positive","single","ooi_1"
"ooi","10.1055/s-0042-109400",2017,"guastella_2015b","10.1111/jcpp.12305",2015,0.069,NA,NA,0.279,"ASD","","positive","multiple","ooi_1"
"ooi","10.1055/s-0042-109400",2017,"watanabe_2014","10.1001/jamapsychiatry.2013.3181",2014,0.245,NA,NA,0.222,"ASD","","positive","single","ooi_1"
"ooi","10.1055/s-0042-109400",2017,"anagnostou_2012","10.1186/2040-2392-3-16",2012,0.141,NA,NA,0.439,"ASD","","positive","multiple","ooi_2"
"ooi","10.1055/s-0042-109400",2017,"dadds_2014","10.1007/s10803-013-1899-3",2014,-0.494,NA,NA,0.323,"ASD","","positive","multiple","ooi_2"
"ooi","10.1055/s-0042-109400",2017,"guastella_2015b","10.1111/jcpp.12305",2015,0.157,NA,NA,0.279,"ASD","","positive","multiple","ooi_2"
"ooi","10.1055/s-0042-109400",2017,"hollander_2003","10.1038/sj.npp.1300021",2003,0.423,NA,NA,0.359,"ASD","","positive","single","ooi_2"
"keech","10.1016/j.psyneuen.2017.09.022",2018,"anagnostou_2012","10.1186/2040-2392-3-16",2012,0.79,-0.12,1.71,0.466836734693878,"ASD","","positive","multiple","keech_1"
"keech","10.1016/j.psyneuen.2017.09.022",2018,"brambilla_2016","10.1016/j.euroneuro.2016.08.001",2016,0.15,-0.22,0.52,0.188775510204082,"SCZ","","positive","single","keech_1"
"keech","10.1016/j.psyneuen.2017.09.022",2018,"davis_2013","10.1016/j.schres.2013.04.023",2013,0.11,-0.68,0.9,0.403061224489796,"SCZ","","positive","single","keech_1"
"keech","10.1016/j.psyneuen.2017.09.022",2018,"domes_2013","10.1016/j.biopsych.2013.02.007",2013,-0.18,-0.86,0.5,0.346938775510204,"ASD","","positive","single","keech_1"
"keech","10.1016/j.psyneuen.2017.09.022",2018,"einfeld_2014","10.1002/ajmg.a.36653",2014,0.22,-0.06,0.51,0.145408163265306,"PWS","","positive","multiple","keech_1"
"keech","10.1016/j.psyneuen.2017.09.022",2018,"fischer-shofty_2013","10.3389/fnins.2013.00127",2013,0.07,-0.2,0.35,0.14030612244898,"SCZ","","positive","single","keech_1"
"keech","10.1016/j.psyneuen.2017.09.022",2018,"gibson_2014","10.1016/j.schres.2014.04.009",2014,-0.12,-1.13,0.89,0.51530612244898,"SCZ","","positive","multiple","keech_1"
"keech","10.1016/j.psyneuen.2017.09.022",2018,"gordon_2013","10.1073/pnas.1312857110",2013,-0.15,-0.51,0.2,0.181122448979592,"ASD","","positive","single","keech_1"
"keech","10.1016/j.psyneuen.2017.09.022",2018,"guastella_2010","10.1016/j.schres.2015.06.005",2010,0.59,0.07,1.12,0.267857142857143,"ASD","","positive","single","keech_1"
"keech","10.1016/j.psyneuen.2017.09.022",2018,"guastella_2015a","10.1016/j.schres.2015.06.005",2015,0.05,-0.54,0.64,0.301020408163265,"ASD","","positive","single","keech_1"
"keech","10.1016/j.psyneuen.2017.09.022",2018,"jarskog_2017","10.1016/j.schres.2017.01.008",2017,-0.3,-0.83,0.23,0.270408163265306,"SCZ","","positive","multiple","keech_1"
"keech","10.1016/j.psyneuen.2017.09.022",2018,"woolley_2014","10.1016/j.psyneuen.2014.04.024",2014,-0.01,-0.29,0.26,0.14030612244898,"SCZ","","positive","single","keech_1"
"keech","10.1016/j.psyneuen.2017.09.022",2018,"gibson_2014","10.1016/j.schres.2014.04.009",2014,0.17,-0.95,1.29,0.571428571428572,"SCZ","","positive","multiple","keech_2"
"keech","10.1016/j.psyneuen.2017.09.022",2018,"davis_2013","10.1016/j.schres.2013.04.023",2013,0.66,-0.15,1.47,0.413265306122449,"SCZ","","positive","single","keech_2"
"keech","10.1016/j.psyneuen.2017.09.022",2018,"aoki_2014","10.1093/brain/awu231",2014,0.3,-0.14,0.73,0.221938775510204,"ASD","","positive","single","keech_3"
"keech","10.1016/j.psyneuen.2017.09.022",2018,"davis_2013","10.1016/j.schres.2013.04.023",2013,0.3,-0.48,1.07,0.395408163265306,"SCZ","","positive","single","keech_3"
"keech","10.1016/j.psyneuen.2017.09.022",2018,"gibson_2014","10.1016/j.schres.2014.04.009",2014,-0.05,-1.04,0.94,0.505102040816326,"SCZ","","positive","multiple","keech_3"
"keech","10.1016/j.psyneuen.2017.09.022",2018,"jarskog_2017","10.1016/j.schres.2017.01.008",2017,-0.26,-0.79,0.26,0.267857142857143,"SCZ","","positive","multiple","keech_3"
"keech","10.1016/j.psyneuen.2017.09.022",2018,"pedersen_2011","10.1016/j.schres.2011.07.027",2011,0.5,-0.36,1.4,0.448979591836735,"SCZ","","positive","multiple","keech_3"
"keech","10.1016/j.psyneuen.2017.09.022",2018,"woolley_2014","10.1016/j.psyneuen.2014.04.024",2014,0.29,0.01,0.57,0.142857142857143,"SCZ","","positive","single","keech_3"
"oya","10.1007/s00406-015-0634-9",2015,"davis_2014","10.1038/npp.2014.68",2014,-0.42,-1.26,0.43,0.431122448979592,"SCZ","","negative","multiple","oya_1"
"oya","10.1007/s00406-015-0634-9",2015,"feifel_2010","10.1016/j.biopsych.2010.04.039",2010,-0.41,-1.05,0.24,0.329081632653061,"SCZ","","negative","multiple","oya_1"
"oya","10.1007/s00406-015-0634-9",2015,"gibson_2014","10.1016/j.schres.2014.04.009",2014,-0.72,-1.83,0.38,0.563775510204082,"SCZ","","negative","multiple","oya_1"
"oya","10.1007/s00406-015-0634-9",2015,"lee_2013","10.1016/j.schres.2013.01.001",2013,0.9,0.11,1.68,0.400510204081633,"SCZ","","negative","multiple","oya_1"
"oya","10.1007/s00406-015-0634-9",2015,"modabbernia_2013","10.1007/s40263-012-0022-1",2013,-1.83,-2.58,-1.08,0.38265306122449,"SCZ","","negative","multiple","oya_1"
"oya","10.1007/s00406-015-0634-9",2015,"pedersen_2011","10.1016/j.schres.2011.07.027",2011,-0.3,-1.18,0.59,0.451530612244898,"SCZ","","negative","multiple","oya_1"
"leppanen_2017","10.1016/j.neubiorev.2017.04.010",2017,"woolley_2014","10.1016/j.psyneuen.2014.04.024",2014,0.0357,NA,NA,0.1797,"healthy","","positive","single","leppanen_2017_1"
"leppanen_2017","10.1016/j.neubiorev.2017.04.010",2017,"woolley_2014","10.1016/j.psyneuen.2014.04.024",2014,-0.3759,NA,NA,0.1858,"healthy","","positive","single","leppanen_2017_1"
"leppanen_2017","10.1016/j.neubiorev.2017.04.010",2017,"woolley_2014","10.1016/j.psyneuen.2014.04.024",2014,0.1431,NA,NA,0.1805,"healthy","","positive","single","leppanen_2017_1"
"leppanen_2017","10.1016/j.neubiorev.2017.04.010",2017,"domes_2007","10.1016/j.biopsych.2006.07.015",2007,0.4679,NA,NA,0.2355,"healthy","","positive","single","leppanen_2017_1"
"leppanen_2017","10.1016/j.neubiorev.2017.04.010",2017,"radke_2015","10.1016/j.psyneuen.2015.06.006",2015,0.0918,NA,NA,0.2046,"healthy","","positive","single","leppanen_2017_1"
"leppanen_2017","10.1016/j.neubiorev.2017.04.010",2017,"woolley_2016","10.1007/s00213-016-4308-8",2016,-0.0615,NA,NA,0.1742,"healthy","","positive","single","leppanen_2017_1"
"leppanen_2017","10.1016/j.neubiorev.2017.04.010",2017,"aoki_2014","10.1093/brain/awu231",2014,0.5366,NA,NA,0.2392,"ASD","","positive","single","leppanen_2017_1"
"leppanen_2017","10.1016/j.neubiorev.2017.04.010",2017,"macdonald_2013","10.1016/j.psyneuen.2013.05.014",2013,0.4991,NA,NA,0.2572,"depression","","positive","single","leppanen_2017_1"
"leppanen_2017","10.1016/j.neubiorev.2017.04.010",2017,"guastella_2015a","10.1016/j.schres.2015.06.005",2015,0.3916,NA,NA,0.2264,"SCZ","","positive","single","leppanen_2017_1"
"leppanen_2017","10.1016/j.neubiorev.2017.04.010",2017,"woolley_2014","10.1016/j.psyneuen.2014.04.024",2014,-0.016,NA,NA,0.1857,"SCZ","","positive","single","leppanen_2017_1"
"leppanen_2017","10.1016/j.neubiorev.2017.04.010",2017,"woolley_2014","10.1016/j.psyneuen.2014.04.024",2014,0.3541,NA,NA,0.1914,"SCZ","","positive","single","leppanen_2017_1"
"leppanen_2017","10.1016/j.neubiorev.2017.04.010",2017,"woolley_2014","10.1016/j.psyneuen.2014.04.024",2014,-0.0183,NA,NA,0.1857,"SCZ","","positive","single","leppanen_2017_1"
"leppanen_2017","10.1016/j.neubiorev.2017.04.010",2017,"jesso_2011","10.1093/brain/awr171",2011,-0.4553,NA,NA,0.2349,"FTD","","positive","single","leppanen_2017_1"
"leppanen_2017","10.1016/j.neubiorev.2017.04.010",2017,"mitchell_2016","10.1097/ADM.0000000000000213",2016,0.24,NA,NA,0.1852,"substance dependence","alcohol dependence","positive","single","leppanen_2017_1"
"leppanen_2017","10.1016/j.neubiorev.2017.04.010",2017,"woolley_2016","10.1007/s00213-016-4308-8",2016,-0.5124,NA,NA,0.1852,"SCZ","","positive","single","leppanen_2017_1"
"leppanen_2017","10.1016/j.neubiorev.2017.04.010",2017,"leppanen_2017a","10.1111/jne.12458",2017,-0.2078,NA,NA,0.1877,"healthy","","positive","single","leppanen_2017_1"
"leppanen_2017","10.1016/j.neubiorev.2017.04.010",2017,"leppanen_2017a","10.1111/jne.12458",2017,0.0976,NA,NA,0.183,"healthy","","positive","single","leppanen_2017_1"
"leppanen_2017","10.1016/j.neubiorev.2017.04.010",2017,"feeser_2015","10.1016/j.psyneuen.2014.12.015",2015,0.6182,NA,NA,0.243,"healthy","","positive","single","leppanen_2017_1"
"leppanen_2017","10.1016/j.neubiorev.2017.04.010",2017,"luminet_2011","10.1016/j.biopsycho.2011.05.005",2011,0.3014,NA,NA,0.2597,"healthy","","positive","single","leppanen_2017_1"
"leppanen_2017","10.1016/j.neubiorev.2017.04.010",2017,"riem_2014","10.1016/j.pnpbp.2014.01.014",2014,-0.0164,NA,NA,0.2828,"healthy","","positive","single","leppanen_2017_1"
"leppanen_2017","10.1016/j.neubiorev.2017.04.010",2017,"cardoso_2014","10.1037/a0034314",2014,0.0471,NA,NA,0.221,"healthy","","positive","single","leppanen_2017_1"
"leppanen_2017","10.1016/j.neubiorev.2017.04.010",2017,"cardoso_2014","10.1037/a0034314",2014,0.083,NA,NA,0.221,"healthy","","positive","single","leppanen_2017_1"
"leppanen_2017","10.1016/j.neubiorev.2017.04.010",2017,"cardoso_2014","10.1037/a0034314",2014,-0.6139,NA,NA,0.2261,"healthy","","positive","single","leppanen_2017_1"
"leppanen_2017","10.1016/j.neubiorev.2017.04.010",2017,"domes_2014","10.1038/npp.2013.254",2014,-0.2576,NA,NA,0.2717,"healty","","positive","single","leppanen_2017_2"
"leppanen_2017","10.1016/j.neubiorev.2017.04.010",2017,"domes_2014","10.1038/npp.2013.254",2014,0.3082,NA,NA,0.2735,"healthy","","positive","single","leppanen_2017_2"
"leppanen_2017","10.1016/j.neubiorev.2017.04.010",2017,"fischer-shofty_2010","10.1016/j.neuropsychologia.2009.09.003",2010,0.1483,NA,NA,0.1935,"healthy","","positive","single","leppanen_2017_2"
"leppanen_2017","10.1016/j.neubiorev.2017.04.010",2017,"kirkpatrick_2014","10.1038/npp.2014.12",2014,0.2718,NA,NA,0.2171,"healthy","","positive","single","leppanen_2017_2"
"leppanen_2017","10.1016/j.neubiorev.2017.04.010",2017,"kirkpatrick_2014","10.1038/npp.2014.12",2014,-0.0512,NA,NA,0.1526,"healthy","","positive","single","leppanen_2017_2"
"leppanen_2017","10.1016/j.neubiorev.2017.04.010",2017,"domes_2014","10.1038/npp.2013.254",2014,0.5288,NA,NA,0.2853,"ASD","","positive","single","leppanen_2017_2"
"leppanen_2017","10.1016/j.neubiorev.2017.04.010",2017,"domes_2014","10.1038/npp.2013.254",2014,0.5835,NA,NA,0.2891,"ASD","","positive","single","leppanen_2017_2"
"leppanen_2017","10.1016/j.neubiorev.2017.04.010",2017,"averbeck_2012","10.1017/S0033291711001413",2012,0.584,NA,NA,0.2361,"SCZ","","positive","single","leppanen_2017_2"
"leppanen_2017","10.1016/j.neubiorev.2017.04.010",2017,"averbeck_2012","10.1017/S0033291711001413",2012,0.584,NA,NA,0.2361,"SCZ","","positive","single","leppanen_2017_2"
"leppanen_2017","10.1016/j.neubiorev.2017.04.010",2017,"guastella_2015a","10.1016/j.schres.2015.06.005",2015,0.1328,NA,NA,0.2192,"SCZ","","positive","single","leppanen_2017_2"
"leppanen_2017","10.1016/j.neubiorev.2017.04.010",2017,"guastella_2015a","10.1016/j.schres.2015.06.005",2015,-0.3972,NA,NA,0.2267,"SCZ","","positive","single","leppanen_2017_2"
"leppanen_2017","10.1016/j.neubiorev.2017.04.010",2017,"kirsch_2005","10.1523/JNEUROSCI.3984-05.2005",2005,0.0728,NA,NA,0.2585,"healthy","","positive","single","leppanen_2017_2"
"leppanen_2017","10.1016/j.neubiorev.2017.04.010",2017,"koch_2016","10.1038/npp.2015.299",2016,0.3625,NA,NA,0.1721,"PTSD","","positive","single","leppanen_2017_2"
"leppanen_2017","10.1016/j.neubiorev.2017.04.010",2017,"koch_2016","10.1038/npp.2015.299",2016,-0.0887,NA,NA,0.1584,"healthy","","positive","single","leppanen_2017_2"
"leppanen_2017","10.1016/j.neubiorev.2017.04.010",2017,"chen_2015","10.1038/tp.2015.163",2015,0.0097,NA,NA,0.0702,"healthy","","positive","single","leppanen_2017_2"
"leppanen_2017","10.1016/j.neubiorev.2017.04.010",2017,"bertsch_2013","10.1176/appi.ajp.2013.13020263",2013,0.2268,NA,NA,0.3134,"healthy","","positive","single","leppanen_2017_2"
"leppanen_2017","10.1016/j.neubiorev.2017.04.010",2017,"bertsch_2013","10.1176/appi.ajp.2013.13020263",2013,0.2724,NA,NA,0.3139,"healthy","","positive","single","leppanen_2017_2"
"leppanen_2017","10.1016/j.neubiorev.2017.04.010",2017,"feeser_2014","10.1007/s00213-014-3631-1",2014,0.6024,NA,NA,0.2258,"healthy","","positive","single","leppanen_2017_2"
"leppanen_2017","10.1016/j.neubiorev.2017.04.010",2017,"lischke_2012a","10.1016/j.psyneuen.2011.07.015",2012,0.0973,NA,NA,0.292,"healthy","","positive","single","leppanen_2017_2"
"leppanen_2017","10.1016/j.neubiorev.2017.04.010",2017,"marsh_2010","10.1007/s00213-010-1780-4",2010,0.3644,NA,NA,0.2854,"healthy","","positive","single","leppanen_2017_2"
"leppanen_2017","10.1016/j.neubiorev.2017.04.010",2017,"schulze_2011","10.1016/j.psyneuen.2011.03.011",2011,0.2888,NA,NA,0.2687,"healthy","","positive","single","leppanen_2017_2"
"leppanen_2017","10.1016/j.neubiorev.2017.04.010",2017,"schulze_2011","10.1016/j.psyneuen.2011.03.011",2011,0.6382,NA,NA,0.274,"healthy","","positive","single","leppanen_2017_2"
"leppanen_2017","10.1016/j.neubiorev.2017.04.010",2017,"schulze_2011","10.1016/j.psyneuen.2011.03.011",2011,0.6048,NA,NA,0.2733,"healthy","","positive","single","leppanen_2017_2"
"leppanen_2017","10.1016/j.neubiorev.2017.04.010",2017,"campbell_2014","10.1016/j.neurobiolaging.2014.04.021",2014,0.7657,NA,NA,0.3553,"healthy","","positive","single","leppanen_2017_2"
"leppanen_2017","10.1016/j.neubiorev.2017.04.010",2017,"bertsch_2013","10.1176/appi.ajp.2013.13020263",2013,-0.0245,NA,NA,0.3245,"BPD","","positive","single","leppanen_2017_2"
"leppanen_2017","10.1016/j.neubiorev.2017.04.010",2017,"bertsch_2013","10.1176/appi.ajp.2013.13020263",2013,-0.135,NA,NA,0.3248,"BPD","","positive","single","leppanen_2017_2"
"leppanen_2017","10.1016/j.neubiorev.2017.04.010",2017,"campbell_2014","10.1016/j.neurobiolaging.2014.04.021",2014,-0.1593,NA,NA,0.3435,"healthy","","positive","single","leppanen_2017_2"
"leppanen_2017","10.1016/j.neubiorev.2017.04.010",2017,"campbell_2014","10.1016/j.neurobiolaging.2014.04.021",2014,-0.0145,NA,NA,0.343,"healthy","","positive","single","leppanen_2017_2"
"leppanen_2017","10.1016/j.neubiorev.2017.04.010",2017,"campbell_2014","10.1016/j.neurobiolaging.2014.04.021",2014,0.0684,NA,NA,0.3431,"healthy","","positive","single","leppanen_2017_2"
"leppanen_2017","10.1016/j.neubiorev.2017.04.010",2017,"gamer_2010","10.1073/pnas.1000985107",2010,0.0552,NA,NA,0.2949,"healthy","","positive","single","leppanen_2017_2"
"leppanen_2017","10.1016/j.neubiorev.2017.04.010",2017,"kanat_2015","10.1038/npp.2014.183",2015,-0.0518,NA,NA,0.3051,"healthy","","positive","single","leppanen_2017_2"
"leppanen_2017","10.1016/j.neubiorev.2017.04.010",2017,"kanat_2015","10.1038/npp.2014.183",2015,-0.0945,NA,NA,0.3052,"healthy","","positive","single","leppanen_2017_2"
"leppanen_2017","10.1016/j.neubiorev.2017.04.010",2017,"averbeck_2012","10.1017/S0033291711001413",2012,0.1763,NA,NA,0.2199,"SCZ","","positive","single","leppanen_2017_3"
"leppanen_2017","10.1016/j.neubiorev.2017.04.010",2017,"averbeck_2012","10.1017/S0033291711001413",2012,0.1679,NA,NA,0.2198,"SCZ","","positive","single","leppanen_2017_3"
"leppanen_2017","10.1016/j.neubiorev.2017.04.010",2017,"fischer-shofty_2010","10.1016/j.neuropsychologia.2009.09.003",2010,-0.0518,NA,NA,0.1926,"healthy","","positive","single","leppanen_2017_3"
"leppanen_2017","10.1016/j.neubiorev.2017.04.010",2017,"kirkpatrick_2014","10.1038/npp.2014.12",2014,0.0651,NA,NA,0.1527,"healthy","","positive","single","leppanen_2017_3"
"leppanen_2017","10.1016/j.neubiorev.2017.04.010",2017,"kirkpatrick_2014","10.1038/npp.2014.12",2014,0.1896,NA,NA,0.2151,"healthy","","positive","single","leppanen_2017_3"
"leppanen_2017","10.1016/j.neubiorev.2017.04.010",2017,"chen_2015","10.1038/tp.2015.163",2015,0.0181,NA,NA,0.0702,"healthy","","positive","single","leppanen_2017_3"
"leppanen_2017","10.1016/j.neubiorev.2017.04.010",2017,"bertsch_2013","10.1176/appi.ajp.2013.13020263",2013,-0.0897,NA,NA,0.3246,"BPD","","positive","single","leppanen_2017_3"
"leppanen_2017","10.1016/j.neubiorev.2017.04.010",2017,"bertsch_2013","10.1176/appi.ajp.2013.13020263",2013,0.3884,NA,NA,0.3275,"BPD","","positive","single","leppanen_2017_3"
"leppanen_2017","10.1016/j.neubiorev.2017.04.010",2017,"bertsch_2013","10.1176/appi.ajp.2013.13020263",2013,0.2071,NA,NA,0.3133,"healthy","","positive","single","leppanen_2017_3"
"leppanen_2017","10.1016/j.neubiorev.2017.04.010",2017,"bertsch_2013","10.1176/appi.ajp.2013.13020263",2013,0.4124,NA,NA,0.3157,"healthy","","positive","single","leppanen_2017_3"
"leppanen_2017","10.1016/j.neubiorev.2017.04.010",2017,"feeser_2014","10.1007/s00213-014-3631-1",2014,-0.3072,NA,NA,0.2222,"healthy","","positive","single","leppanen_2017_3"
"leppanen_2017","10.1016/j.neubiorev.2017.04.010",2017,"lischke_2012a","10.1016/j.psyneuen.2011.07.015",2012,-0.1647,NA,NA,0.2923,"healthy","","positive","single","leppanen_2017_3"
"leppanen_2017","10.1016/j.neubiorev.2017.04.010",2017,"marsh_2010","10.1007/s00213-010-1780-4",2010,0.4018,NA,NA,0.2859,"healthy","","positive","single","leppanen_2017_3"
"leppanen_2017","10.1016/j.neubiorev.2017.04.010",2017,"schulze_2011","10.1016/j.psyneuen.2011.03.011",2011,0.5301,NA,NA,0.2719,"healthy","","positive","single","leppanen_2017_3"
"leppanen_2017","10.1016/j.neubiorev.2017.04.010",2017,"schulze_2011","10.1016/j.psyneuen.2011.03.011",2011,0.4653,NA,NA,0.2709,"healthy","","positive","single","leppanen_2017_3"
"leppanen_2017","10.1016/j.neubiorev.2017.04.010",2017,"schulze_2011","10.1016/j.psyneuen.2011.03.011",2011,-0.0248,NA,NA,0.2673,"healthy","","positive","single","leppanen_2017_3"
"leppanen_2017","10.1016/j.neubiorev.2017.04.010",2017,"kanat_2015","10.1038/npp.2014.183",2015,-0.32,NA,NA,0.2923,"healthy","","positive","single","leppanen_2017_3"
"leppanen_2017","10.1016/j.neubiorev.2017.04.010",2017,"kanat_2015","10.1038/npp.2014.183",2015,-0.1501,NA,NA,0.2859,"healthy","","positive","single","leppanen_2017_3"
"leppanen_2017","10.1016/j.neubiorev.2017.04.010",2017,"averbeck_2012","10.1017/S0033291711001413",2012,0.1071,NA,NA,0.2188,"SCZ","","positive","single","leppanen_2017_4"
"leppanen_2017","10.1016/j.neubiorev.2017.04.010",2017,"averbeck_2012","10.1017/S0033291711001413",2012,0.4198,NA,NA,0.2276,"SCZ","","positive","single","leppanen_2017_4"
"leppanen_2017","10.1016/j.neubiorev.2017.04.010",2017,"fischer-shofty_2010","10.1016/j.neuropsychologia.2009.09.003",2010,0.4999,NA,NA,0.2041,"healthy","","positive","single","leppanen_2017_4"
"leppanen_2017","10.1016/j.neubiorev.2017.04.010",2017,"kirkpatrick_2014","10.1038/npp.2014.12",2014,-0.1261,NA,NA,0.1531,"healthy","","positive","single","leppanen_2017_4"
"leppanen_2017","10.1016/j.neubiorev.2017.04.010",2017,"kirkpatrick_2014","10.1038/npp.2014.12",2014,0.3719,NA,NA,0.2204,"healthy","","positive","single","leppanen_2017_4"
"leppanen_2017","10.1016/j.neubiorev.2017.04.010",2017,"chen_2015","10.1038/tp.2015.163",2015,0.1266,NA,NA,0.0705,"healthy","","positive","single","leppanen_2017_4"
"leppanen_2017","10.1016/j.neubiorev.2017.04.010",2017,"bertsch_2013","10.1176/appi.ajp.2013.13020263",2013,-0.2448,NA,NA,0.3257,"BPD","","positive","single","leppanen_2017_4"
"leppanen_2017","10.1016/j.neubiorev.2017.04.010",2017,"bertsch_2013","10.1176/appi.ajp.2013.13020263",2013,0.0718,NA,NA,0.3245,"BPD","","positive","single","leppanen_2017_4"
"leppanen_2017","10.1016/j.neubiorev.2017.04.010",2017,"bertsch_2013","10.1176/appi.ajp.2013.13020263",2013,0.3291,NA,NA,0.3145,"healthy","","positive","single","leppanen_2017_4"
"leppanen_2017","10.1016/j.neubiorev.2017.04.010",2017,"bertsch_2013","10.1176/appi.ajp.2013.13020263",2013,0.3689,NA,NA,0.3151,"healthy","","positive","single","leppanen_2017_4"
"leppanen_2017","10.1016/j.neubiorev.2017.04.010",2017,"feeser_2014","10.1007/s00213-014-3631-1",2014,0.4842,NA,NA,0.2241,"healthy","","positive","single","leppanen_2017_4"
"leppanen_2017","10.1016/j.neubiorev.2017.04.010",2017,"lischke_2012a","10.1016/j.psyneuen.2011.07.015",2012,0.6769,NA,NA,0.3,"healthy","","positive","single","leppanen_2017_4"
"leppanen_2017","10.1016/j.neubiorev.2017.04.010",2017,"marsh_2010","10.1007/s00213-010-1780-4",2010,0.3178,NA,NA,0.2848,"healthy","","positive","single","leppanen_2017_4"
"leppanen_2017","10.1016/j.neubiorev.2017.04.010",2017,"gamer_2010","10.1073/pnas.1000985107",2010,-0.2013,NA,NA,0.2956,"healthy","","positive","single","leppanen_2017_4"
"leppanen_2017","10.1016/j.neubiorev.2017.04.010",2017,"averbeck_2012","10.1017/S0033291711001413",2012,-0.0609,NA,NA,0.2184,"SCZ","","positive","single","leppanen_2017_5"
"leppanen_2017","10.1016/j.neubiorev.2017.04.010",2017,"averbeck_2012","10.1017/S0033291711001413",2012,0.1259,NA,NA,0.2191,"SCZ","","positive","single","leppanen_2017_5"
"leppanen_2017","10.1016/j.neubiorev.2017.04.010",2017,"fischer-shofty_2010","10.1016/j.neuropsychologia.2009.09.003",2010,0.1995,NA,NA,0.1944,"healthy","","positive","single","leppanen_2017_5"
"leppanen_2017","10.1016/j.neubiorev.2017.04.010",2017,"marsh_2010","10.1007/s00213-010-1780-4",2010,0.2009,NA,NA,0.2838,"healthy","","positive","single","leppanen_2017_5"
"leppanen_2017","10.1016/j.neubiorev.2017.04.010",2017,"feeser_2014","10.1007/s00213-014-3631-1",2014,0.3829,NA,NA,0.2229,"healthy","","positive","single","leppanen_2017_5"
"leppanen_2017","10.1016/j.neubiorev.2017.04.010",2017,"averbeck_2012","10.1017/S0033291711001413",2012,0.3694,NA,NA,0.2255,"SCZ","","positive","single","leppanen_2017_6"
"leppanen_2017","10.1016/j.neubiorev.2017.04.010",2017,"averbeck_2012","10.1017/S0033291711001413",2012,0.3296,NA,NA,0.2241,"SCZ","","positive","single","leppanen_2017_6"
"leppanen_2017","10.1016/j.neubiorev.2017.04.010",2017,"chen_2015","10.1038/tp.2015.163",2015,-0.0535,NA,NA,0.0702,"healthy","","positive","single","leppanen_2017_6"
"leppanen_2017","10.1016/j.neubiorev.2017.04.010",2017,"fischer-shofty_2010","10.1016/j.neuropsychologia.2009.09.003",2010,-0.1293,NA,NA,0.1933,"healthy","","positive","single","leppanen_2017_6"
"leppanen_2017","10.1016/j.neubiorev.2017.04.010",2017,"kirkpatrick_2014","10.1038/npp.2014.12",2014,0.2884,NA,NA,0.2176,"healthy","","positive","single","leppanen_2017_6"
"leppanen_2017","10.1016/j.neubiorev.2017.04.010",2017,"kirkpatrick_2014","10.1038/npp.2014.12",2014,0.0481,NA,NA,0.1526,"healthy","","positive","single","leppanen_2017_6"
"leppanen_2017","10.1016/j.neubiorev.2017.04.010",2017,"feeser_2014","10.1007/s00213-014-3631-1",2014,0.2256,NA,NA,0.2216,"healthy","","positive","single","leppanen_2017_6"
"leppanen_2017","10.1016/j.neubiorev.2017.04.010",2017,"lischke_2012a","10.1016/j.psyneuen.2011.07.015",2012,-0.0363,NA,NA,0.2918,"healthy","","positive","single","leppanen_2017_6"
"leppanen_2017","10.1016/j.neubiorev.2017.04.010",2017,"marsh_2010","10.1007/s00213-010-1780-4",2010,-0.1005,NA,NA,0.2832,"healthy","","positive","single","leppanen_2017_6"
"leppanen_2017","10.1016/j.neubiorev.2017.04.010",2017,"averbeck_2012","10.1017/S0033291711001413",2012,0,NA,NA,0.2182,"SCZ","","positive","single","leppanen_2017_7"
"leppanen_2017","10.1016/j.neubiorev.2017.04.010",2017,"averbeck_2012","10.1017/S0033291711001413",2012,-0.0693,NA,NA,0.2185,"SCZ","","positive","single","leppanen_2017_7"
"leppanen_2017","10.1016/j.neubiorev.2017.04.010",2017,"fischer-shofty_2010","10.1016/j.neuropsychologia.2009.09.003",2010,-0.1003,NA,NA,0.1929,"healthy","","positive","single","leppanen_2017_7"
"leppanen_2017","10.1016/j.neubiorev.2017.04.010",2017,"marsh_2010","10.1007/s00213-010-1780-4",2010,0.4767,NA,NA,0.2871,"healthy","","positive","single","leppanen_2017_7"
"leppanen_2017","10.1016/j.neubiorev.2017.04.010",2017,"feeser_2014","10.1007/s00213-014-3631-1",2014,-0.1721,NA,NA,0.2213,"healthy","","positive","single","leppanen_2017_7"
"leppanen_2017","10.1016/j.neubiorev.2017.04.010",2017,"averbeck_2012","10.1017/S0033291711001413",2012,0.1595,NA,NA,0.2196,"SCZ","","positive","single","leppanen_2017_8"
"leppanen_2017","10.1016/j.neubiorev.2017.04.010",2017,"averbeck_2012","10.1017/S0033291711001413",2012,0.2729,NA,NA,0.2222,"SCZ","","positive","single","leppanen_2017_8"
"leppanen_2017","10.1016/j.neubiorev.2017.04.010",2017,"fischer-shofty_2010","10.1016/j.neuropsychologia.2009.09.003",2010,0.0102,NA,NA,0.1925,"healthy","","positive","single","leppanen_2017_8"
"leppanen_2017","10.1016/j.neubiorev.2017.04.010",2017,"kirkpatrick_2014","10.1038/npp.2014.12",2014,0.1972,NA,NA,0.2153,"healthy","","positive","single","leppanen_2017_8"
"leppanen_2017","10.1016/j.neubiorev.2017.04.010",2017,"kirkpatrick_2014","10.1038/npp.2014.12",2014,-0.2449,NA,NA,0.1548,"healthy","","positive","single","leppanen_2017_8"
"leppanen_2017","10.1016/j.neubiorev.2017.04.010",2017,"chen_2015","10.1038/tp.2015.163",2015,-0.1087,NA,NA,0.0704,"healthy","","positive","single","leppanen_2017_8"
"leppanen_2017","10.1016/j.neubiorev.2017.04.010",2017,"bertsch_2013","10.1176/appi.ajp.2013.13020263",2013,-0.6634,NA,NA,0.3332,"BPD","","positive","single","leppanen_2017_8"
"leppanen_2017","10.1016/j.neubiorev.2017.04.010",2017,"bertsch_2013","10.1176/appi.ajp.2013.13020263",2013,-0.2167,NA,NA,0.3254,"BPD","","positive","single","leppanen_2017_8"
"leppanen_2017","10.1016/j.neubiorev.2017.04.010",2017,"bertsch_2013","10.1176/appi.ajp.2013.13020263",2013,-0.0333,NA,NA,0.3125,"healthy","","positive","single","leppanen_2017_8"
"leppanen_2017","10.1016/j.neubiorev.2017.04.010",2017,"bertsch_2013","10.1176/appi.ajp.2013.13020263",2013,0,NA,NA,0.3124,"healthy","","positive","single","leppanen_2017_8"
"leppanen_2017","10.1016/j.neubiorev.2017.04.010",2017,"feeser_2014","10.1007/s00213-014-3631-1",2014,0,NA,NA,0.2209,"healthy","","positive","single","leppanen_2017_8"
"leppanen_2017","10.1016/j.neubiorev.2017.04.010",2017,"lischke_2012a","10.1016/j.psyneuen.2011.07.015",2012,-0.0332,NA,NA,0.2918,"healthy","","positive","single","leppanen_2017_8"
"leppanen_2017","10.1016/j.neubiorev.2017.04.010",2017,"marsh_2010","10.1007/s00213-010-1780-4",2010,0.653,NA,NA,0.2905,"healthy","","positive","single","leppanen_2017_8"
"leppanen_2017","10.1016/j.neubiorev.2017.04.010",2017,"schulze_2011","10.1016/j.psyneuen.2011.03.011",2011,0.6587,NA,NA,0.2744,"healthy","","positive","single","leppanen_2017_8"
"leppanen_2017","10.1016/j.neubiorev.2017.04.010",2017,"schulze_2011","10.1016/j.psyneuen.2011.03.011",2011,0.7368,NA,NA,0.2762,"healthy","","positive","single","leppanen_2017_8"
"leppanen_2017","10.1016/j.neubiorev.2017.04.010",2017,"schulze_2011","10.1016/j.psyneuen.2011.03.011",2011,0.4942,NA,NA,0.2713,"healthy","","positive","single","leppanen_2017_8"
"leppanen_2017","10.1016/j.neubiorev.2017.04.010",2017,"gamer_2010","10.1073/pnas.1000985107",2010,0.2321,NA,NA,0.2959,"healthy","","positive","single","leppanen_2017_8"
"leppanen_2017","10.1016/j.neubiorev.2017.04.010",2017,"kanat_2015","10.1038/npp.2014.183",2015,-0.0518,NA,NA,0.3051,"healthy","","positive","single","leppanen_2017_8"
"leppanen_2017","10.1016/j.neubiorev.2017.04.010",2017,"kanat_2015","10.1038/npp.2014.183",2015,0.1763,NA,NA,0.3054,"healthy","","positive","single","leppanen_2017_8"
"leppanen_2017","10.1016/j.neubiorev.2017.04.010",2017,"kim_2015","10.1371/journal.pone.0137514",2015,0.0246,NA,NA,0.1691,"AN","","negative","single","leppanen_2017_9"
"leppanen_2017","10.1016/j.neubiorev.2017.04.010",2017,"kim_2015","10.1371/journal.pone.0137514",2015,0.1417,NA,NA,0.1699,"AN","","negative","single","leppanen_2017_9"
"leppanen_2017","10.1016/j.neubiorev.2017.04.010",2017,"kim_2015","10.1371/journal.pone.0137514",2015,-0.0215,NA,NA,0.1691,"AN","","negative","single","leppanen_2017_9"
"leppanen_2017","10.1016/j.neubiorev.2017.04.010",2017,"kim_2015","10.1371/journal.pone.0137514",2015,-0.0058,NA,NA,0.169,"AN","","negative","single","leppanen_2017_9"
"leppanen_2017","10.1016/j.neubiorev.2017.04.010",2017,"kim_2015","10.1371/journal.pone.0137514",2015,-0.3605,NA,NA,0.177,"BN","","negative","single","leppanen_2017_9"
"leppanen_2017","10.1016/j.neubiorev.2017.04.010",2017,"kim_2015","10.1371/journal.pone.0137514",2015,-0.0301,NA,NA,0.1715,"BN","","negative","single","leppanen_2017_9"
"leppanen_2017","10.1016/j.neubiorev.2017.04.010",2017,"kim_2015","10.1371/journal.pone.0137514",2015,-0.2353,NA,NA,0.1739,"BN","","negative","single","leppanen_2017_9"
"leppanen_2017","10.1016/j.neubiorev.2017.04.010",2017,"kim_2015","10.1371/journal.pone.0137514",2015,-0.3912,NA,NA,0.1779,"BN","","negative","single","leppanen_2017_9"
"leppanen_2017","10.1016/j.neubiorev.2017.04.010",2017,"kim_2015","10.1371/journal.pone.0137514",2015,-0.258,NA,NA,0.177,"healthy","","negative","single","leppanen_2017_9"
"leppanen_2017","10.1016/j.neubiorev.2017.04.010",2017,"kim_2015","10.1371/journal.pone.0137514",2015,-0.2347,NA,NA,0.1765,"healthy","","negative","single","leppanen_2017_9"
"leppanen_2017","10.1016/j.neubiorev.2017.04.010",2017,"kim_2015","10.1371/journal.pone.0137514",2015,-0.2815,NA,NA,0.1775,"healthy","","negative","single","leppanen_2017_9"
"leppanen_2017","10.1016/j.neubiorev.2017.04.010",2017,"kim_2015","10.1371/journal.pone.0137514",2015,-0.4089,NA,NA,0.1812,"healthy","","negative","single","leppanen_2017_9"
"leppanen_2017","10.1016/j.neubiorev.2017.04.010",2017,"chen_2015","10.1038/tp.2015.163",2015,0.012,NA,NA,0.0702,"healthy","","negative","single","leppanen_2017_9"
"leppanen_2017","10.1016/j.neubiorev.2017.04.010",2017,"chen_2015","10.1038/tp.2015.163",2015,0.0583,NA,NA,0.0702,"healthy","","negative","single","leppanen_2017_9"
"leppanen_2017","10.1016/j.neubiorev.2017.04.010",2017,"chen_2015","10.1038/tp.2015.163",2015,0.0485,NA,NA,0.0702,"healthy","","negative","single","leppanen_2017_9"
"leppanen_2017","10.1016/j.neubiorev.2017.04.010",2017,"chen_2015","10.1038/tp.2015.163",2015,0.149,NA,NA,0.0706,"healthy","","negative","single","leppanen_2017_9"
"leppanen_2017","10.1016/j.neubiorev.2017.04.010",2017,"lischke_2012a","10.1016/j.psyneuen.2011.07.015",2012,-0.7674,NA,NA,0.2945,"healthy","","negative","single","leppanen_2017_9"
"leppanen_2017","10.1016/j.neubiorev.2017.04.010",2017,"lischke_2012a","10.1016/j.psyneuen.2011.07.015",2012,-0.5766,NA,NA,0.2933,"healthy","","negative","single","leppanen_2017_9"
"leppanen_2017","10.1016/j.neubiorev.2017.04.010",2017,"lischke_2012a","10.1016/j.psyneuen.2011.07.015",2012,-0.4593,NA,NA,0.2928,"healthy","","negative","single","leppanen_2017_9"
"leppanen_2017","10.1016/j.neubiorev.2017.04.010",2017,"lischke_2012a","10.1016/j.psyneuen.2011.07.015",2012,-0.4052,NA,NA,0.2925,"healthy","","negative","single","leppanen_2017_9"
"leppanen_2017","10.1016/j.neubiorev.2017.04.010",2017,"brune_2015","10.1097/NMD.0000000000000240",2015,-0.1676,NA,NA,0.26,"BPD","","positive","single","leppanen_2017_10"
"leppanen_2017","10.1016/j.neubiorev.2017.04.010",2017,"brune_2015","10.1097/NMD.0000000000000240",2015,-0.2168,NA,NA,0.2612,"BPD","","positive","single","leppanen_2017_10"
"leppanen_2017","10.1016/j.neubiorev.2017.04.010",2017,"woolley_2017","10.1017/S0033291716003433",2017,0.3301,NA,NA,0.2054,"SCZ","","positive","single","leppanen_2017_10"
"leppanen_2017","10.1016/j.neubiorev.2017.04.010",2017,"woolley_2017","10.1017/S0033291716003433",2017,0.2292,NA,NA,0.2026,"SCZ","","positive","single","leppanen_2017_10"
"leppanen_2017","10.1016/j.neubiorev.2017.04.010",2017,"leppanen_2017a","10.1111/jne.12458",2017,-0.3986,NA,NA,0.1897,"AN","","positive","single","leppanen_2017_10"
"leppanen_2017","10.1016/j.neubiorev.2017.04.010",2017,"leppanen_2017a","10.1111/jne.12458",2017,-0.0442,NA,NA,0.1827,"AN","","positive","single","leppanen_2017_10"
"leppanen_2017","10.1016/j.neubiorev.2017.04.010",2017,"brune_2015","10.1097/NMD.0000000000000240",2015,-0.1771,NA,NA,0.2602,"heatlhy","","positive","single","leppanen_2017_10"
"leppanen_2017","10.1016/j.neubiorev.2017.04.010",2017,"brune_2015","10.1097/NMD.0000000000000240",2015,0.3912,NA,NA,0.2679,"healthy","","positive","single","leppanen_2017_10"
"leppanen_2017","10.1016/j.neubiorev.2017.04.010",2017,"woolley_2017","10.1017/S0033291716003433",2017,0.4866,NA,NA,0.2035,"healthy","","positive","single","leppanen_2017_10"
"leppanen_2017","10.1016/j.neubiorev.2017.04.010",2017,"woolley_2017","10.1017/S0033291716003433",2017,0.2621,NA,NA,0.1957,"healthy","","positive","single","leppanen_2017_10"
"leppanen_2017","10.1016/j.neubiorev.2017.04.010",2017,"leppanen_2017a","10.1111/jne.12458",2017,-0.2362,NA,NA,0.1883,"healthy","","positive","single","leppanen_2017_10"
"leppanen_2017","10.1016/j.neubiorev.2017.04.010",2017,"leppanen_2017a","10.1111/jne.12458",2017,0.2243,NA,NA,0.188,"healthy","","positive","single","leppanen_2017_10"
"leppanen_2017","10.1016/j.neubiorev.2017.04.010",2017,"korb_2016","10.1016/j.yhbeh.2016.06.003",2016,0.3507,NA,NA,0.2602,"healthy","","positive","single","leppanen_2017_10"
"leppanen_2017","10.1016/j.neubiorev.2017.04.010",2017,"korb_2016","10.1016/j.yhbeh.2016.06.003",2016,0.1488,NA,NA,0.2586,"healthy","","positive","single","leppanen_2017_10"
"leslie","10.1111/jne.12584",2018,"borg_2011","10.1111/j.1365-2982.2010.01599.x",2011,0.07,NA,NA,0.117,"healthy","","negative","single","leslie_1"
"leslie","10.1111/jne.12584",2018,"borg_2011","10.1111/j.1365-2982.2010.01599.x",2011,0.078,NA,NA,0.195,"healthy","","negative","single","leslie_1"
"leslie","10.1111/jne.12584",2018,"borg_2011","10.1111/j.1365-2982.2010.01599.x",2011,0.139,NA,NA,0.218,"healthy","","negative","single","leslie_1"
"leslie","10.1111/jne.12584",2018,"borg_2012","10.1186/1756-0500-5-148",2012,-0.346,NA,NA,0.277,"diabetes","gastric paresis","negative","single","leslie_1"
"leslie","10.1111/jne.12584",2018,"burmester_2018","10.1016/j.appet.2017.11.035",2018,-0.128,NA,NA,0.261,"healthy","","negative","single","leslie_1"
"leslie","10.1111/jne.12584",2018,"burmester_2018","10.1016/j.appet.2017.11.035",2018,-0.111,NA,NA,0.298,"healthy","","negative","single","leslie_1"
"leslie","10.1111/jne.12584",2018,"kim_2014a","10.1016/j.psyneuen.2014.02.019",2014,0.038,NA,NA,0.111,"healthy","","negative","single","leslie_1"
"leslie","10.1111/jne.12584",2018,"kim_2014a","10.1016/j.psyneuen.2014.02.019",2014,0.018,NA,NA,0.138,"AN","","negative","single","leslie_1"
"leslie","10.1111/jne.12584",2018,"kim_2015","10.1371/journal.pone.0137514",2015,-0.154,NA,NA,0.175,"healthy","","negative","single","leslie_1"
"leslie","10.1111/jne.12584",2018,"kim_2015","10.1371/journal.pone.0137514",2015,0.199,NA,NA,0.131,"AN","","negative","single","leslie_1"
"leslie","10.1111/jne.12584",2018,"kim_2015","10.1371/journal.pone.0137514",2015,-0.481,NA,NA,0.201,"BN","","negative","single","leslie_1"
"leslie","10.1111/jne.12584",2018,"kim_2015","10.1371/journal.pone.0137514",2015,0.24,NA,NA,0.126,"healthy","","negative","single","leslie_1"
"leslie","10.1111/jne.12584",2018,"kim_2015","10.1371/journal.pone.0137514",2015,0.066,NA,NA,0.123,"AN","","negative","single","leslie_1"
"leslie","10.1111/jne.12584",2018,"kim_2015","10.1371/journal.pone.0137514",2015,0.21,NA,NA,0.128,"BN","","negative","single","leslie_1"
"leslie","10.1111/jne.12584",2018,"lawson_2015","10.1002/oby.21069",2015,-0.678,NA,NA,0.166,"healthy","","negative","single","leslie_1"
"leslie","10.1111/jne.12584",2018,"leppanen_2017b","10.1016/j.psyneuen.2017.01.017",2017,-0.323,NA,NA,0.207,"healthy","","negative","single","leslie_1"
"leslie","10.1111/jne.12584",2018,"leppanen_2017b","10.1016/j.psyneuen.2017.01.017",2017,0.137,NA,NA,0.175,"AN","","negative","single","leslie_1"
"leslie","10.1111/jne.12584",2018,"ott_2013","10.2337/db13-0663",2013,0.021,NA,NA,0.187,"healthy","","negative","single","leslie_1"
"leslie","10.1111/jne.12584",2018,"ott_2013","10.2337/db13-0663",2013,-0.311,NA,NA,0.192,"healthy","","negative","single","leslie_1"
"leslie","10.1111/jne.12584",2018,"thienel_2016","10.1038/ijo.2016.149",2016,-0.362,NA,NA,0.204,"healthy","","negative","single","leslie_1"
"leslie","10.1111/jne.12584",2018,"thienel_2016","10.1038/ijo.2016.149",2016,-0.495,NA,NA,0.209,"healthy","","negative","single","leslie_1"
"leslie","10.1111/jne.12584",2018,"burmester_2018","10.1016/j.appet.2017.11.035",2018,-0.128,NA,NA,0.261,"healthy","","negative","single","leslie_2"
"leslie","10.1111/jne.12584",2018,"burmester_2018","10.1016/j.appet.2017.11.035",2018,-0.111,NA,NA,0.298,"healthy","","negative","single","leslie_2"
"leslie","10.1111/jne.12584",2018,"kim_2015","10.1371/journal.pone.0137514",2015,-0.154,NA,NA,0.175,"healthy","","negative","single","leslie_2"
"leslie","10.1111/jne.12584",2018,"kim_2015","10.1371/journal.pone.0137514",2015,0.199,NA,NA,0.131,"AN","","negative","single","leslie_2"
"leslie","10.1111/jne.12584",2018,"kim_2015","10.1371/journal.pone.0137514",2015,-0.481,NA,NA,0.201,"BN","","negative","single","leslie_2"
"leslie","10.1111/jne.12584",2018,"lawson_2015","10.1002/oby.21069",2015,-0.678,NA,NA,0.166,"healthy","","negative","single","leslie_2"
"leslie","10.1111/jne.12584",2018,"ott_2013","10.2337/db13-0663",2013,0.021,NA,NA,0.187,"healthy","","negative","single","leslie_2"
"leslie","10.1111/jne.12584",2018,"ott_2013","10.2337/db13-0663",2013,-0.311,NA,NA,0.192,"healthy","","negative","single","leslie_2"
"leslie","10.1111/jne.12584",2018,"thienel_2016","10.1038/ijo.2016.149",2016,-0.362,NA,NA,0.204,"healthy","","negative","single","leslie_2"
"leslie","10.1111/jne.12584",2018,"thienel_2016","10.1038/ijo.2016.149",2016,-0.495,NA,NA,0.209,"healthy","","negative","single","leslie_2"
"zheng","10.1016/j.schres.2018.12.007",2019,"buchanan_2017","10.1097/JCP.0000000000000720",2017,0.37,-0.33,1.07,0.357142857142857,"SCZ","","negative","multiple","zheng_1"
"zheng","10.1016/j.schres.2018.12.007",2019,"dagani_2016","10.1016/j.schres.2016.02.011",2016,0.46,-0.24,1.16,0.357142857142857,"SCZ","","negative","multiple","zheng_1"
"zheng","10.1016/j.schres.2018.12.007",2019,"davis_2014","10.1038/npp.2014.68",2014,-0.42,-1.26,0.43,0.431122448979592,"SCZ","","negative","multiple","zheng_1"
"zheng","10.1016/j.schres.2018.12.007",2019,"feifel_2010","10.1016/j.biopsych.2010.04.039",2010,-0.39,-1.44,0.65,0.533163265306122,"SCZ","","negative","multiple","zheng_1"
"zheng","10.1016/j.schres.2018.12.007",2019,"gibson_2014","10.1016/j.schres.2014.04.009",2014,-0.72,-1.83,0.38,0.563775510204082,"SCZ","","negative","multiple","zheng_1"
"zheng","10.1016/j.schres.2018.12.007",2019,"lee_2013","10.1016/j.schres.2013.01.001",2013,0.9,0.11,1.68,0.400510204081633,"SCZ","","negative","multiple","zheng_1"
"zheng","10.1016/j.schres.2018.12.007",2019,"modabbernia_2013","10.1007/s40263-012-0022-1",2013,-0.79,-1.44,-0.15,0.329081632653061,"SCZ","","negative","multiple","zheng_1"
"zheng","10.1016/j.schres.2018.12.007",2019,"pedersen_2011","10.1016/j.schres.2011.07.027",2011,-0.3,-1.18,0.59,0.451530612244898,"SCZ","","negative","multiple","zheng_1"
"zheng","10.1016/j.schres.2018.12.007",2019,"buchanan_2017","10.1097/JCP.0000000000000720",2017,0.54,-0.17,1.25,0.362244897959184,"SCZ","","negative","multiple","zheng_2"
"zheng","10.1016/j.schres.2018.12.007",2019,"cacciotti-saija_2014","10.1093/schbul/sbu094",2014,0.63,0.08,1.19,0.283163265306122,"SCZ","","negative","multiple","zheng_2"
"zheng","10.1016/j.schres.2018.12.007",2019,"dagani_2016","10.1016/j.schres.2016.02.011",2016,0,-0.69,0.69,0.352040816326531,"SCZ","","negative","multiple","zheng_2"
"zheng","10.1016/j.schres.2018.12.007",2019,"feifel_2010","10.1016/j.biopsych.2010.04.039",2010,-0.38,-1.42,0.67,0.533163265306122,"SCZ","","negative","multiple","zheng_2"
"zheng","10.1016/j.schres.2018.12.007",2019,"gibson_2014","10.1016/j.schres.2014.04.009",2014,-0.89,-2.01,0.24,0.573979591836735,"SCZ","","negative","multiple","zheng_2"
"zheng","10.1016/j.schres.2018.12.007",2019,"modabbernia_2013","10.1007/s40263-012-0022-1",2013,-1.12,-1.8,-0.45,0.344387755102041,"SCZ","","negative","multiple","zheng_2"
"zheng","10.1016/j.schres.2018.12.007",2019,"pedersen_2011","10.1016/j.schres.2011.07.027",2011,-0.47,-1.37,0.42,0.456632653061225,"SCZ","","negative","multiple","zheng_2"
"zheng","10.1016/j.schres.2018.12.007",2019,"buchanan_2017","10.1097/JCP.0000000000000720",2017,-0.26,-0.96,0.44,0.357142857142857,"SCZ","","negative","multiple","zheng_3"
"zheng","10.1016/j.schres.2018.12.007",2019,"cacciotti-saija_2014","10.1093/schbul/sbu094",2014,-0.22,-0.77,0.32,0.278061224489796,"SCZ","","negative","multiple","zheng_3"
"zheng","10.1016/j.schres.2018.12.007",2019,"dagani_2016","10.1016/j.schres.2016.02.011",2016,0.8,0.07,1.52,0.369897959183673,"SCZ","","negative","multiple","zheng_3"
"zheng","10.1016/j.schres.2018.12.007",2019,"davis_2014","10.1038/npp.2014.68",2014,0.33,-0.51,1.17,0.428571428571429,"SCZ","","negative","multiple","zheng_3"
"zheng","10.1016/j.schres.2018.12.007",2019,"feifel_2010","10.1016/j.biopsych.2010.04.039",2010,-0.47,-1.52,0.58,0.535714285714286,"SCZ","","negative","multiple","zheng_3"
"zheng","10.1016/j.schres.2018.12.007",2019,"gibson_2014","10.1016/j.schres.2014.04.009",2014,0.02,-1.04,1.08,0.540816326530612,"SCZ","","negative","multiple","zheng_3"
"zheng","10.1016/j.schres.2018.12.007",2019,"lee_2013","10.1016/j.schres.2013.01.001",2013,-0.56,-1.32,0.2,0.387755102040816,"SCZ","","negative","multiple","zheng_3"
"zheng","10.1016/j.schres.2018.12.007",2019,"modabbernia_2013","10.1007/s40263-012-0022-1",2013,-0.14,-0.76,0.49,0.318877551020408,"SCZ","","negative","multiple","zheng_3"
"zheng","10.1016/j.schres.2018.12.007",2019,"pedersen_2011","10.1016/j.schres.2011.07.027",2011,0.23,-0.65,1.12,0.451530612244898,"SCZ","","negative","multiple","zheng_3"
"zheng","10.1016/j.schres.2018.12.007",2019,"dagani_2016","10.1016/j.schres.2016.02.011",2016,0.26,-0.43,0.96,0.354591836734694,"SCZ","","negative","multiple","zheng_4"
"zheng","10.1016/j.schres.2018.12.007",2019,"feifel_2010","10.1016/j.biopsych.2010.04.039",2010,-0.21,-1.25,0.83,0.530612244897959,"SCZ","","negative","multiple","zheng_4"
"zheng","10.1016/j.schres.2018.12.007",2019,"gibson_2014","10.1016/j.schres.2014.04.009",2014,-0.57,-1.65,0.52,0.553571428571429,"SCZ","","negative","multiple","zheng_4"
"zheng","10.1016/j.schres.2018.12.007",2019,"modabbernia_2013","10.1007/s40263-012-0022-1",2013,-0.43,-1.06,0.2,0.321428571428571,"SCZ","","negative","multiple","zheng_4"
"zheng","10.1016/j.schres.2018.12.007",2019,"pedersen_2011","10.1016/j.schres.2011.07.027",2011,-0.24,-1.12,0.65,0.451530612244898,"SCZ","","negative","multiple","zheng_4"
"leppanen_2018","10.1016/j.jad.2017.08.041",2018,"striepens_2012","10.1073/pnas.1208852109",2012,0.7,0.21,1.18,0.247448979591837,"healthy","","positive","single","leppanen_2018_1"
"leppanen_2018","10.1016/j.jad.2017.08.041",2018,"prehn_2013","10.1111/psyp.12042",2013,0.26,-0.31,0.84,0.293367346938775,"healthy","","positive","single","leppanen_2018_1"
"leppanen_2018","10.1016/j.jad.2017.08.041",2018,"prehn_2013","10.1111/psyp.12042",2013,0.54,-0.04,1.12,0.295918367346939,"healthy","","positive","single","leppanen_2018_1"
"leppanen_2018","10.1016/j.jad.2017.08.041",2018,"grillon_2013","10.1038/mp.2012.156",2013,-0.03,-0.48,0.42,0.229591836734694,"healthy","","positive","single","leppanen_2018_1"
"leppanen_2018","10.1016/j.jad.2017.08.041",2018,"grillon_2013","10.1038/mp.2012.156",2013,0.07,-0.38,0.52,0.229591836734694,"healthy","","positive","single","leppanen_2018_1"
"leppanen_2018","10.1016/j.jad.2017.08.041",2018,"grillon_2013","10.1038/mp.2012.156",2013,0.03,-0.37,0.43,0.204081632653061,"healthy","","positive","single","leppanen_2018_1"
"leppanen_2018","10.1016/j.jad.2017.08.041",2018,"grillon_2013","10.1038/mp.2012.156",2013,0.19,-0.21,0.6,0.206632653061224,"healthy","","positive","single","leppanen_2018_1"
"leppanen_2018","10.1016/j.jad.2017.08.041",2018,"leknes_2013","10.1093/scan/nss062",2013,0.44,0.11,0.77,0.168367346938776,"healthy","","positive","single","leppanen_2018_1"
"leppanen_2018","10.1016/j.jad.2017.08.041",2018,"eckstein_2016","10.1038/npp.2015.245",2016,0.72,0.1,1.33,0.313775510204082,"healthy","","positive","single","leppanen_2018_1"
"leppanen_2018","10.1016/j.jad.2017.08.041",2018,"acheson_2013","10.1007/s00213-013-3099-4",2013,0.03,-0.57,0.62,0.303571428571429,"healthy","","positive","single","leppanen_2018_1"
"leppanen_2018","10.1016/j.jad.2017.08.041",2018,"eckstein_2015","10.1016/j.biopsych.2014.10.015",2015,0.5,-0.15,1.16,0.334183673469388,"healthy","","positive","single","leppanen_2018_1"
"leppanen_2018","10.1016/j.jad.2017.08.041",2018,"kim_2014a","10.1016/j.psyneuen.2014.02.019",2014,-0.53,-0.9,-0.17,0.186224489795918,"healthy","","positive","single","leppanen_2018_2"
"leppanen_2018","10.1016/j.jad.2017.08.041",2018,"kim_2014b","10.1371/journal.pone.0090721",2014,-0.47,-0.84,-0.1,0.188775510204082,"healthy","","positive","single","leppanen_2018_2"
"leppanen_2018","10.1016/j.jad.2017.08.041",2018,"brune_2013","10.1002/hup.2343",2013,-1.64,-2.47,-0.81,0.423469387755102,"healthy","","positive","single","leppanen_2018_2"
"leppanen_2018","10.1016/j.jad.2017.08.041",2018,"kim_2014a","10.1016/j.psyneuen.2014.02.019",2014,-0.21,-0.55,0.14,0.176020408163265,"healthy","","positive","single","leppanen_2018_2"
"leppanen_2018","10.1016/j.jad.2017.08.041",2018,"kim_2014b","10.1371/journal.pone.0090721",2014,-0.2,-0.55,0.16,0.181122448979592,"healthy","","positive","single","leppanen_2018_2"
"leppanen_2018","10.1016/j.jad.2017.08.041",2018,"ellenbogen_2012","10.1111/j.1469-8986.2011.01278.x",2012,0.09,-0.42,0.61,0.262755102040816,"healthy","","positive","single","leppanen_2018_2"
"leppanen_2018","10.1016/j.jad.2017.08.041",2018,"ellenbogen_2012","10.1111/j.1469-8986.2011.01278.x",2012,0.1,-0.42,0.61,0.262755102040816,"healthy","","positive","single","leppanen_2018_2"
"leppanen_2018","10.1016/j.jad.2017.08.041",2018,"ellenbogen_2012","10.1111/j.1469-8986.2011.01278.x",2012,-0.31,-0.83,0.21,0.26530612244898,"healthy","","positive","single","leppanen_2018_2"
"leppanen_2018","10.1016/j.jad.2017.08.041",2018,"ellenbogen_2012","10.1111/j.1469-8986.2011.01278.x",2012,0,-0.51,0.51,0.260204081632653,"healthy","","positive","single","leppanen_2018_2"
"leppanen_2018","10.1016/j.jad.2017.08.041",2018,"ellenbogen_2012","10.1111/j.1469-8986.2011.01278.x",2012,0.03,-0.48,0.55,0.262755102040816,"healthy","","positive","single","leppanen_2018_2"
"leppanen_2018","10.1016/j.jad.2017.08.041",2018,"ellenbogen_2012","10.1111/j.1469-8986.2011.01278.x",2012,-0.12,-0.64,0.39,0.262755102040816,"healthy","","positive","single","leppanen_2018_2"
"leppanen_2018","10.1016/j.jad.2017.08.041",2018,"clark-elford_2015","10.1093/ijnp/pyu012",2015,0.04,-0.35,0.42,0.196428571428571,"healthy","","positive","single","leppanen_2018_2"
"leppanen_2018","10.1016/j.jad.2017.08.041",2018,"kim_2014a","10.1016/j.psyneuen.2014.02.019",2014,-0.28,-0.64,0.08,0.183673469387755,"AN","","positive","single","leppanen_2018_2"
"leppanen_2018","10.1016/j.jad.2017.08.041",2018,"kim_2014a","10.1016/j.psyneuen.2014.02.019",2014,0.5,0.13,0.87,0.188775510204082,"AN","","positive","single","leppanen_2018_2"
"leppanen_2018","10.1016/j.jad.2017.08.041",2018,"kim_2015","10.1371/journal.pone.0137514",2015,0.09,-0.26,0.44,0.178571428571429,"BN","","positive","single","leppanen_2018_2"
"leppanen_2018","10.1016/j.jad.2017.08.041",2018,"kim_2015","10.1371/journal.pone.0137514",2015,0.04,-0.31,0.39,0.178571428571429,"BN","","positive","single","leppanen_2018_2"
"leppanen_2018","10.1016/j.jad.2017.08.041",2018,"kim_2015","10.1371/journal.pone.0137514",2015,-0.22,-0.57,0.14,0.181122448979592,"BN","","positive","single","leppanen_2018_2"
"leppanen_2018","10.1016/j.jad.2017.08.041",2018,"kim_2015","10.1371/journal.pone.0137514",2015,-0.47,-0.84,-0.1,0.188775510204082,"BN","","positive","single","leppanen_2018_2"
"leppanen_2018","10.1016/j.jad.2017.08.041",2018,"domes_2016","10.1186/s12888-016-0794-9",2016,0.5,-0.1,1.1,0.306122448979592,"depression","","positive","single","leppanen_2018_2"
"leppanen_2018","10.1016/j.jad.2017.08.041",2018,"domes_2016","10.1186/s12888-016-0794-9",2016,0.14,-0.46,0.73,0.303571428571429,"depression","","positive","single","leppanen_2018_2"
"leppanen_2018","10.1016/j.jad.2017.08.041",2018,"domes_2016","10.1186/s12888-016-0794-9",2016,-0.33,-0.93,0.27,0.306122448979592,"depression","","positive","single","leppanen_2018_2"
"leppanen_2018","10.1016/j.jad.2017.08.041",2018,"brune_2013","10.1002/hup.2343",2013,1.3,0.56,2.04,0.377551020408163,"BPD","","positive","single","leppanen_2018_2"
"leppanen_2018","10.1016/j.jad.2017.08.041",2018,"clark-elford_2015","10.1093/ijnp/pyu012",2015,-0.42,-0.93,0.09,0.260204081632653,"anxiety","","positive","single","leppanen_2018_2"
"leppanen_2018","10.1016/j.jad.2017.08.041",2018,"kim_2014c","10.4306/pi.2014.11.2.160",2014,-0.38,-0.75,-0.02,0.186224489795918,"AN","","positive","single","leppanen_2018_3"
"leppanen_2018","10.1016/j.jad.2017.08.041",2018,"kim_2015","10.1371/journal.pone.0137514",2015,0.08,-0.27,0.43,0.178571428571429,"BN","","positive","single","leppanen_2018_3"
"leppanen_2018","10.1016/j.jad.2017.08.041",2018,"kim_2015","10.1371/journal.pone.0137514",2015,0.36,0,0.73,0.186224489795918,"BN","","positive","single","leppanen_2018_3"
"leppanen_2018","10.1016/j.jad.2017.08.041",2018,"kim_2014c","10.4306/pi.2014.11.2.160",2014,0.02,-0.33,0.37,0.178571428571429,"AN","","positive","single","leppanen_2018_3"
"leppanen_2018","10.1016/j.jad.2017.08.041",2018,"kim_2015","10.1371/journal.pone.0137514",2015,0.28,-0.08,0.64,0.183673469387755,"BN","","positive","single","leppanen_2018_3"
"leppanen_2018","10.1016/j.jad.2017.08.041",2018,"kim_2015","10.1371/journal.pone.0137514",2015,0,-0.36,0.35,0.181122448979592,"BN","","positive","single","leppanen_2018_3"
"leppanen_2018","10.1016/j.jad.2017.08.041",2018,"leppanen_2017b","10.1016/j.psyneuen.2017.01.017",2017,0.26,-0.11,0.62,0.186224489795918,"AN","","positive","single","leppanen_2018_3"
"leppanen_2018","10.1016/j.jad.2017.08.041",2018,"leppanen_2017b","10.1016/j.psyneuen.2017.01.017",2017,-0.22,-0.58,0.14,0.183673469387755,"AN","","positive","single","leppanen_2018_3"
"leppanen_2018","10.1016/j.jad.2017.08.041",2018,"leppanen_2017b","10.1016/j.psyneuen.2017.01.017",2017,-0.47,-0.85,-0.1,0.191326530612245,"AN","","positive","single","leppanen_2018_3"
"leppanen_2018","10.1016/j.jad.2017.08.041",2018,"leppanen_2017b","10.1016/j.psyneuen.2017.01.017",2017,0.02,-0.34,0.38,0.183673469387755,"AN","","positive","single","leppanen_2018_3"
"leppanen_2018","10.1016/j.jad.2017.08.041",2018,"kim_2014c","10.4306/pi.2014.11.2.160",2014,-0.4,-0.77,-0.03,0.188775510204082,"AN","","positive","single","leppanen_2018_3"
"leppanen_2018","10.1016/j.jad.2017.08.041",2018,"kim_2015","10.1371/journal.pone.0137514",2015,0.09,-0.26,0.44,0.178571428571429,"BN","","positive","single","leppanen_2018_3"
"leppanen_2018","10.1016/j.jad.2017.08.041",2018,"kim_2015","10.1371/journal.pone.0137514",2015,0.12,-0.23,0.47,0.178571428571429,"BN","","positive","single","leppanen_2018_3"
"leppanen_2018","10.1016/j.jad.2017.08.041",2018,"bertsch_2013","10.1176/appi.ajp.2013.13020263",2013,-0.12,-0.74,0.49,0.313775510204082,"healthy","","positive","single","leppanen_2018_4"
"leppanen_2018","10.1016/j.jad.2017.08.041",2018,"domes_2013","10.1016/j.biopsych.2013.02.007",2013,-0.28,-0.78,0.22,0.255102040816327,"healthy","","positive","single","leppanen_2018_4"
"leppanen_2018","10.1016/j.jad.2017.08.041",2018,"hubble_2017","10.1017/S1355617716000886",2017,-0.11,-0.47,0.24,0.181122448979592,"healthy","","positive","single","leppanen_2018_4"
"leppanen_2018","10.1016/j.jad.2017.08.041",2018,"lischke_2012a","10.1016/j.psyneuen.2011.07.015",2012,0.38,-0.22,0.97,0.303571428571429,"healthy","","positive","single","leppanen_2018_4"
"leppanen_2018","10.1016/j.jad.2017.08.041",2018,"hubble_2017","10.1017/S1355617716000886",2017,0,-0.35,0.36,0.181122448979592,"healthy","","positive","single","leppanen_2018_4"
"leppanen_2018","10.1016/j.jad.2017.08.041",2018,"bertsch_2013","10.1176/appi.ajp.2013.13020263",2013,0.31,-0.31,0.92,0.313775510204082,"healthy","","positive","single","leppanen_2018_4"
"leppanen_2018","10.1016/j.jad.2017.08.041",2018,"hubble_2017","10.1017/S1355617716000886",2017,-0.23,-0.6,0.13,0.186224489795918,"healthy","","positive","single","leppanen_2018_4"
"leppanen_2018","10.1016/j.jad.2017.08.041",2018,"lischke_2012a","10.1016/j.psyneuen.2011.07.015",2012,-0.45,-1.04,0.15,0.303571428571429,"healthy","","positive","single","leppanen_2018_4"
"leppanen_2018","10.1016/j.jad.2017.08.041",2018,"hubble_2017","10.1017/S1355617716000886",2017,0,-0.35,0.36,0.181122448979592,"healthy","","positive","single","leppanen_2018_4"
"leppanen_2018","10.1016/j.jad.2017.08.041",2018,"lischke_2012b","10.1016/j.psyneuen.2012.01.011",2012,0,-0.52,0.52,0.26530612244898,"healthy","","positive","single","leppanen_2018_4"
"leppanen_2018","10.1016/j.jad.2017.08.041",2018,"lischke_2012b","10.1016/j.psyneuen.2012.01.011",2012,0.37,-0.17,0.91,0.275510204081633,"healthy","","positive","single","leppanen_2018_4"
"leppanen_2018","10.1016/j.jad.2017.08.041",2018,"bertsch_2013","10.1176/appi.ajp.2013.13020263",2013,-0.7,-1.33,-0.06,0.323979591836735,"BPD","","positive","single","leppanen_2018_4"
"leppanen_2018","10.1016/j.jad.2017.08.041",2018,"bertsch_2013","10.1176/appi.ajp.2013.13020263",2013,-0.21,-0.85,0.44,0.329081632653061,"BPD","","positive","single","leppanen_2018_4"
"bakermans_kranenburg","10.1038/tp.2013.34",2018,"andari_2010","10.1073/pnas.0910249107",2010,0.57,NA,NA,0.3,"ASD","","positive","single","bakermans_kranenburg_1"
"bakermans_kranenburg","10.1038/tp.2013.34",2018,"guastella_2010","10.1016/j.schres.2015.06.005",2010,0.61,NA,NA,0.27,"ASD","","positive","single","bakermans_kranenburg_1"
"bakermans_kranenburg","10.1038/tp.2013.34",2018,"hollander_2007","10.1016/j.biopsych.2006.05.030",2007,0.66,NA,NA,0.53,"ASD","","positive","single","bakermans_kranenburg_1"
"bakermans_kranenburg","10.1038/tp.2013.34",2018,"tauber_2011","10.1186/1750-1172-6-47",2011,0.45,NA,NA,0.41,"PWS","","positive","single","bakermans_kranenburg_1"
"bakermans_kranenburg","10.1038/tp.2013.34",2018,"guastella_2009","10.1016/j.psyneuen.2009.01.005",2009,0.22,NA,NA,0.4,"anxiety","","positive","multiple","bakermans_kranenburg_1"
"bakermans_kranenburg","10.1038/tp.2013.34",2018,"hall_2012","10.1016/j.psyneuen.2011.07.020",2012,0.14,NA,NA,0.36,"anxiety","","positive","single","bakermans_kranenburg_1"
"bakermans_kranenburg","10.1038/tp.2013.34",2018,"labuschagne_2010","10.1038/npp.2010.123",2010,0.45,NA,NA,0.25,"anxiety","","positive","single","bakermans_kranenburg_1"
"bakermans_kranenburg","10.1038/tp.2013.34",2018,"pitman_1993","10.1016/0165-1781(93)90035-F",1993,0,NA,NA,0.37,"PTSD","","positive","single","bakermans_kranenburg_1"
"bakermans_kranenburg","10.1038/tp.2013.34",2018,"yatzkar_2010","10.1016/S0924-977X(10)70098-5",2010,0.41,NA,NA,0.25,"PTSD","","positive","single","bakermans_kranenburg_1"
"bakermans_kranenburg","10.1038/tp.2013.34",2018,"mah_2013","10.1016/j.pnpbp.2012.10.005",2013,0.44,NA,NA,0.21,"depression","","positive","single","bakermans_kranenburg_1"
"bakermans_kranenburg","10.1038/tp.2013.34",2018,"pincus_2010","10.3389/fpsyt.2010.00134",2010,0,NA,NA,0.35,"depression","","positive","single","bakermans_kranenburg_1"
"bakermans_kranenburg","10.1038/tp.2013.34",2018,"averbeck_2012","10.1017/S0033291711001413",2012,0.2,NA,NA,0.2,"SCZ","","positive","single","bakermans_kranenburg_1"
"bakermans_kranenburg","10.1038/tp.2013.34",2018,"feifel_2010","10.1016/j.biopsych.2010.04.039",2010,0.55,NA,NA,0.28,"SCZ","","positive","multiple","bakermans_kranenburg_1"
"bakermans_kranenburg","10.1038/tp.2013.34",2018,"goldman_2011","10.1007/s00213-011-2193-8",2011,0,NA,NA,0.28,"SCZ","","positive","single","bakermans_kranenburg_1"
"bakermans_kranenburg","10.1038/tp.2013.34",2018,"pedersen_2011","10.1016/j.schres.2011.07.027",2011,0.47,NA,NA,0.24,"SCZ","","positive","multiple","bakermans_kranenburg_1"
"bakermans_kranenburg","10.1038/tp.2013.34",2018,"den-boer_1992","10.1016/0196-9781(92)90010-Z",1992,-0.95,NA,NA,0.61,"OCD","","positive","multiple","bakermans_kranenburg_1"
"bakermans_kranenburg","10.1038/tp.2013.34",2018,"epperson_1996a","10.1016/0006-3223(96)00120-5",1996,0.53,NA,NA,0.26,"OCD","","positive","multiple","bakermans_kranenburg_1"
"bakermans_kranenburg","10.1038/tp.2013.34",2018,"epperson_1996b","10.1016/0006-3223(96)00165-5",1996,0,NA,NA,0.71,"OCD","","positive","multiple","bakermans_kranenburg_1"
"bakermans_kranenburg","10.1038/tp.2013.34",2018,"bartz_2011","10.1093/scan/nsq085",2011,-1.19,NA,NA,0.59,"BPD","","positive","single","bakermans_kranenburg_1"
"peled_avron","10.1016/j.neubiorev.2020.04.023",2018,"davis_2014","10.1038/npp.2014.68",2014,0.03,-0.78,0.83,0.410714285714286,"SCZ","","positive","multiple","peled_avron_1"
"peled_avron","10.1016/j.neubiorev.2020.04.023",2018,"dagani_2016","10.1016/j.schres.2016.02.011",2016,0.09,-0.58,0.77,0.344387755102041,"SCZ","","positive","multiple","peled_avron_1"
"peled_avron","10.1016/j.neubiorev.2020.04.023",2018,"gibson_2014","10.1016/j.schres.2014.04.009",2014,0.28,-0.71,1.28,0.50765306122449,"SCZ","","positive","multiple","peled_avron_1"
"peled_avron","10.1016/j.neubiorev.2020.04.023",2018,"buchanan_2017","10.1097/JCP.0000000000000720",2017,0.23,-0.45,0.91,0.346938775510204,"SCZ","","positive","multiple","peled_avron_1"
"peled_avron","10.1016/j.neubiorev.2020.04.023",2018,"jarskog_2017","10.1016/j.schres.2017.01.008",2017,0.24,-0.28,0.76,0.26530612244898,"SCZ","","positive","multiple","peled_avron_1"
"peled_avron","10.1016/j.neubiorev.2020.04.023",2018,"feifel_2010","10.1016/j.biopsych.2010.04.039",2010,0.36,-0.34,1.06,0.357142857142857,"SCZ","","positive","multiple","peled_avron_1"
"peled_avron","10.1016/j.neubiorev.2020.04.023",2018,"lee_2013","10.1016/j.schres.2013.01.001",2013,0.45,-0.28,1.18,0.372448979591837,"SCZ","","positive","multiple","peled_avron_1"
"peled_avron","10.1016/j.neubiorev.2020.04.023",2018,"pedersen_2011","10.1016/j.schres.2011.07.027",2011,0.61,-0.26,1.47,0.441326530612245,"SCZ","","positive","multiple","peled_avron_1"
"peled_avron","10.1016/j.neubiorev.2020.04.023",2018,"modabbernia_2013","10.1007/s40263-012-0022-1",2013,0.75,0.12,1.24,0.285714285714286,"SCZ","","positive","multiple","peled_avron_1"
"peled_avron","10.1016/j.neubiorev.2020.04.023",2018,"van-zuiden_2017","10.1016/j.biopsych.2016.11.012",2017,0.28,-0.1,0.66,0.193877551020408,"PTSD","","positive","multiple","peled_avron_2"
"peled_avron","10.1016/j.neubiorev.2020.04.023",2018,"flanagan_2018","10.1016/j.jpsychires.2017.12.014",2018,0.46,-0.46,1.38,0.469387755102041,"PTSD","","positive","multiple","peled_avron_2"
"peled_avron","10.1016/j.neubiorev.2020.04.023",2018,"scantamburlo_2015","10.1016/j.eurpsy.2014.08.007",2015,1.06,0.43,1.69,0.321428571428571,"depression","MDD","positive","multiple","peled_avron_3"
"peled_avron","10.1016/j.neubiorev.2020.04.023",2018,"clarici_2015","10.3389/fpsyg.2015.00426",2015,1.82,0.64,3,0.602040816326531,"depression","PND","positive","multiple","peled_avron_3"
"peled_avron","10.1016/j.neubiorev.2020.04.023",2018,"tachibana_2013","10.1089/cap.2012.0048",2013,-1.11,-1.93,-0.29,0.418367346938775,"ASD","","positive","multiple","peled_avron_4"
"peled_avron","10.1016/j.neubiorev.2020.04.023",2018,"dadds_2014","10.1007/s10803-013-1899-3",2014,0.22,-0.4,0.85,0.318877551020408,"ASD","","positive","multiple","peled_avron_4"
"peled_avron","10.1016/j.neubiorev.2020.04.023",2018,"kosaka_2016","10.1038/tp.2016.152",2016,0.15,-0.46,0.75,0.308673469387755,"ASD","","positive","multiple","peled_avron_4"
"peled_avron","10.1016/j.neubiorev.2020.04.023",2018,"hirosawa_2017","10.1002/aur.1761",2017,0.45,-0.15,1.04,0.303571428571429,"ASD","","positive","multiple","peled_avron_4"
"peled_avron","10.1016/j.neubiorev.2020.04.023",2018,"anagnostou_2012","10.1186/2040-2392-3-16",2012,0.19,-0.68,1.05,0.441326530612245,"ASD","","positive","multiple","peled_avron_5"
"peled_avron","10.1016/j.neubiorev.2020.04.023",2018,"guastella_2015b","10.1111/jcpp.12305",2015,0.02,-0.52,0.57,0.278061224489796,"ASD","","positive","multiple","peled_avron_5"
"peled_avron","10.1016/j.neubiorev.2020.04.023",2018,"parker_2017","10.1073/pnas.1705521114",2017,0.01,-0.67,0.69,0.346938775510204,"ASD","","positive","multiple","peled_avron_5"
"peled_avron","10.1016/j.neubiorev.2020.04.023",2018,"hirosawa_2017","10.1002/aur.1761",2017,0.72,0.07,1.37,0.331632653061225,"ASD","","positive","multiple","peled_avron_5"
"peled_avron","10.1016/j.neubiorev.2020.04.023",2018,"yamasue_2018","10.1038/s41380-018-0097-2",2018,0.3,-0.09,0.68,0.196428571428571,"ASD","","positive","multiple","peled_avron_5"
"peled_avron","10.1016/j.neubiorev.2020.04.023",2018,"watanabe_2015","10.1093/brain/awv249",2015,0.36,-0.25,0.98,0.313775510204082,"ASD","","positive","multiple","peled_avron_5"
"peled_avron","10.1016/j.neubiorev.2020.04.023",2018,"yatawara_2016","10.1038/mp.2015.162",2016,0.01,-0.69,0.71,0.357142857142857,"ASD","","positive","multiple","peled_avron_5"
"peled_avron","10.1016/j.neubiorev.2020.04.023",2018,"anagnostou_2012","10.1186/2040-2392-3-16",2012,0.51,-0.36,1.39,0.446428571428571,"ASD","","positive","multiple","peled_avron_6"
"peled_avron","10.1016/j.neubiorev.2020.04.023",2018,"dadds_2014","10.1007/s10803-013-1899-3",2014,0.58,-0.06,1.22,0.326530612244898,"ASD","","positive","multiple","peled_avron_6"
"peled_avron","10.1016/j.neubiorev.2020.04.023",2018,"guastella_2015b","10.1111/jcpp.12305",2015,0.02,-0.53,0.57,0.280612244897959,"ASD","","positive","multiple","peled_avron_6"
"peled_avron","10.1016/j.neubiorev.2020.04.023",2018,"parker_2017","10.1073/pnas.1705521114",2017,0.82,0.11,1.53,0.362244897959184,"ASD","","positive","multiple","peled_avron_6"
"peled_avron","10.1016/j.neubiorev.2020.04.023",2018,"yamasue_2018","10.1038/s41380-018-0097-2",2018,0.12,-0.27,0.5,0.196428571428571,"ASD","","positive","multiple","peled_avron_6"
"peled_avron","10.1016/j.neubiorev.2020.04.023",2018,"watanabe_2015","10.1093/brain/awv249",2015,0.79,0.1,1.49,0.354591836734694,"ASD","","positive","multiple","peled_avron_6"
"peled_avron","10.1016/j.neubiorev.2020.04.023",2018,"yatawara_2016","10.1038/mp.2015.162",2016,1.32,0.55,2.09,0.392857142857143,"ASD","","positive","multiple","peled_avron_6"
"wang","10.1016/j.rasd.2019.03.007",2019,"andari_2010","10.1073/pnas.0910249107",2010,-0.21,-0.98,0.56,0.392857142857143,"ASD","","positive","single","wang_1"
"wang","10.1016/j.rasd.2019.03.007",2019,"guastella_2010","10.1016/j.schres.2015.06.005",2010,0.24,-0.48,0.96,0.36734693877551,"ASD","","positive","single","wang_1"
"wang","10.1016/j.rasd.2019.03.007",2019,"anagnostou_2012","10.1186/2040-2392-3-16",2012,-1.12,-2.1,-0.15,0.497448979591837,"ASD","","positive","multiple","wang_1"
"wang","10.1016/j.rasd.2019.03.007",2019,"domes_2013","10.1016/j.biopsych.2013.02.007",2013,-0.19,-0.93,0.55,0.377551020408163,"ASD","","positive","single","wang_1"
"wang","10.1016/j.rasd.2019.03.007",2019,"aoki_2014","10.1093/brain/awu231",2014,0.31,-0.31,0.94,0.318877551020408,"ASD","","positive","single","wang_1"
"wang","10.1016/j.rasd.2019.03.007",2019,"dadds_2014","10.1007/s10803-013-1899-3",2014,0,-0.64,0.64,0.326530612244898,"ASD","","positive","multiple","wang_1"
"wang","10.1016/j.rasd.2019.03.007",2019,"watanabe_2014","10.1001/jamapsychiatry.2013.3181",2014,0.22,-0.26,0.7,0.244897959183673,"ASD","","positive","single","wang_1"
"wang","10.1016/j.rasd.2019.03.007",2019,"auyeung_2015","10.1038/tp.2014.146",2015,0.19,-0.3,0.69,0.252551020408163,"ASD","","positive","single","wang_1"
"wang","10.1016/j.rasd.2019.03.007",2019,"guastella_2015b","10.1111/jcpp.12305",2015,-0.06,-0.61,0.5,0.283163265306122,"ASD","","positive","multiple","wang_1"
"wang","10.1016/j.rasd.2019.03.007",2019,"watanabe_2015","10.1093/brain/awv249",2015,-0.36,-1.4,0.69,0.533163265306122,"ASD","","positive","multiple","wang_1"
"wang","10.1016/j.rasd.2019.03.007",2019,"kosaka_2016","10.1038/tp.2016.152",2016,0.22,-0.44,0.87,0.334183673469388,"ASD","","positive","multiple","wang_1"
"wang","10.1016/j.rasd.2019.03.007",2019,"munesue_2016","10.3389/fpsyt.2016.00002",2016,-0.83,-1.61,-0.06,0.395408163265306,"ASD","","positive","multiple","wang_1"
"wang","10.1016/j.rasd.2019.03.007",2019,"yatawara_2016","10.1038/mp.2015.162",2016,0.26,-0.24,0.76,0.255102040816327,"ASD","","positive","multiple","wang_1"
"wang","10.1016/j.rasd.2019.03.007",2019,"quintana_2017","10.1016/j.biopsych.2017.02.428",2017,1.23,0.49,1.96,0.375,"ASD","","positive","single","wang_1"
"wang","10.1016/j.rasd.2019.03.007",2019,"yamasue_2018","10.1038/s41380-018-0097-2",2018,-0.2,-0.58,0.19,0.196428571428571,"ASD","","positive","multiple","wang_1"
"wang","10.1016/j.rasd.2019.03.007",2019,"hollander_2003","10.1038/sj.npp.1300021",2003,-0.39,-1.11,0.34,0.369897959183674,"ASD","","positive","single","wang_2"
"wang","10.1016/j.rasd.2019.03.007",2019,"anagnostou_2012","10.1186/2040-2392-3-16",2012,0.48,-0.44,1.39,0.466836734693878,"ASD","","positive","multiple","wang_2"
"wang","10.1016/j.rasd.2019.03.007",2019,"dadds_2014","10.1007/s10803-013-1899-3",2014,0.08,-0.56,0.71,0.323979591836735,"ASD","","positive","multiple","wang_2"
"wang","10.1016/j.rasd.2019.03.007",2019,"guastella_2015b","10.1111/jcpp.12305",2015,-0.12,-0.67,0.44,0.283163265306122,"ASD","","positive","multiple","wang_2"
"wang","10.1016/j.rasd.2019.03.007",2019,"watanabe_2015","10.1093/brain/awv249",2015,0.28,-0.76,1.31,0.528061224489796,"ASD","","positive","multiple","wang_2"
"wang","10.1016/j.rasd.2019.03.007",2019,"kosaka_2016","10.1038/tp.2016.152",2016,-0.47,-1.12,0.18,0.331632653061225,"ASD","","positive","multiple","wang_2"
"wang","10.1016/j.rasd.2019.03.007",2019,"munesue_2016","10.3389/fpsyt.2016.00002",2016,0.26,-0.48,0.99,0.375,"ASD","","positive","multiple","wang_2"
"wang","10.1016/j.rasd.2019.03.007",2019,"yatawara_2016","10.1038/mp.2015.162",2016,0.6,0.09,1.11,0.260204081632653,"ASD","","positive","multiple","wang_2"
"wang","10.1016/j.rasd.2019.03.007",2019,"yamasue_2018","10.1038/s41380-018-0097-2",2018,-0.3,-0.69,0.09,0.198979591836735,"ASD","","positive","multiple","wang_2"
