"study","study_year","yi","lower","upper","sei","favours_oxytocin","meta_analysis","study_doi","meta_analysis_doi","group","group_secondary","doses","meta_analysis_year"
"anagnostou_2012",2012,1.187,NA,NA,0.479,"positive","ooi_1","10.1186/2040-2392-3-16","10.1055/s-0042-109400","ASD","","multiple",2017
"andari_2010",2010,0.155,NA,NA,0.38,"positive","ooi_1","10.1073/pnas.0910249107","10.1055/s-0042-109400","ASD","","single",2017
"dadds_2014",2014,-0.23,NA,NA,0.319,"positive","ooi_1","10.1007/s10803-013-1899-3","10.1055/s-0042-109400","ASD","","multiple",2017
"domes_2013",2013,-0.185,NA,NA,0.368,"positive","ooi_1","10.1016/j.biopsych.2013.02.007","10.1055/s-0042-109400","ASD","","single",2017
"domes_2014",2014,0.824,NA,NA,0.383,"positive","ooi_1","10.1038/npp.2013.254","10.1055/s-0042-109400","ASD","","single",2017
"gordon_2013",2013,-0.182,NA,NA,0.336,"positive","ooi_1","10.1073/pnas.1312857110","10.1055/s-0042-109400","ASD","","single",2017
"guastella_2010",2010,0.235,NA,NA,0.346,"positive","ooi_1","10.1016/j.biopsych.2009.09.020","10.1055/s-0042-109400","ASD","","single",2017
"guastella_2015b",2015,0.069,NA,NA,0.279,"positive","ooi_1","10.1111/jcpp.12305","10.1055/s-0042-109400","ASD","","multiple",2017
"watanabe_2014",2014,0.245,NA,NA,0.222,"positive","ooi_1","10.1001/jamapsychiatry.2013.3181","10.1055/s-0042-109400","ASD","","single",2017
"anagnostou_2012",2012,0.141,NA,NA,0.439,"positive","ooi_2","10.1186/2040-2392-3-16","10.1055/s-0042-109400","ASD","","multiple",2017
"dadds_2014",2014,-0.494,NA,NA,0.323,"positive","ooi_2","10.1007/s10803-013-1899-3","10.1055/s-0042-109400","ASD","","multiple",2017
"guastella_2015b",2015,0.157,NA,NA,0.279,"positive","ooi_2","10.1111/jcpp.12305","10.1055/s-0042-109400","ASD","","multiple",2017
"hollander_2003",2003,0.423,NA,NA,0.359,"positive","ooi_2","10.1038/sj.npp.1300021","10.1055/s-0042-109400","ASD","","single",2017
"anagnostou_2012",2012,0.79,-0.12,1.71,NA,"positive","keech_1","10.1186/2040-2392-3-16","10.1016/j.psyneuen.2017.09.022","ASD","","multiple",2018
"brambilla_2016",2016,0.15,-0.22,0.52,NA,"positive","keech_1","10.1016/j.euroneuro.2016.08.001","10.1016/j.psyneuen.2017.09.022","SCZ","","single",2018
"davis_2013",2013,0.11,-0.68,0.9,NA,"positive","keech_1","10.1016/j.schres.2013.04.023","10.1016/j.psyneuen.2017.09.022","SCZ","","single",2018
"domes_2013",2013,-0.18,-0.86,0.5,NA,"positive","keech_1","10.1016/j.biopsych.2013.02.007","10.1016/j.psyneuen.2017.09.022","ASD","","single",2018
"einfeld_2014",2014,0.22,-0.06,0.51,NA,"positive","keech_1","10.1002/ajmg.a.36653","10.1016/j.psyneuen.2017.09.022","PWS","","multiple",2018
"fischer-shofty_2013",2013,0.07,-0.2,0.35,NA,"positive","keech_1","10.3389/fnins.2013.00127","10.1016/j.psyneuen.2017.09.022","SCZ","","single",2018
"gibson_2014",2014,-0.12,-1.13,0.89,NA,"positive","keech_1","10.1016/j.schres.2014.04.009","10.1016/j.psyneuen.2017.09.022","SCZ","","multiple",2018
"gordon_2013",2013,-0.15,-0.51,0.2,NA,"positive","keech_1","10.1073/pnas.1312857110","10.1016/j.psyneuen.2017.09.022","ASD","","single",2018
"guastella_2010",2010,0.59,0.07,1.12,NA,"positive","keech_1","10.1016/j.schres.2015.06.005","10.1016/j.psyneuen.2017.09.022","ASD","","single",2018
"guastella_2015a",2015,0.05,-0.54,0.64,NA,"positive","keech_1","10.1016/j.schres.2015.06.005","10.1016/j.psyneuen.2017.09.022","ASD","","single",2018
"jarskog_2017",2017,-0.3,-0.83,0.23,NA,"positive","keech_1","10.1016/j.schres.2017.01.008","10.1016/j.psyneuen.2017.09.022","SCZ","","multiple",2018
"woolley_2014",2014,-0.01,-0.29,0.26,NA,"positive","keech_1","10.1016/j.psyneuen.2014.04.024","10.1016/j.psyneuen.2017.09.022","SCZ","","single",2018
"gibson_2014",2014,0.17,-0.95,1.29,NA,"positive","keech_2","10.1016/j.schres.2014.04.009","10.1016/j.psyneuen.2017.09.022","SCZ","","multiple",2018
"davis_2013",2013,0.66,-0.15,1.47,NA,"positive","keech_2","10.1016/j.schres.2013.04.023","10.1016/j.psyneuen.2017.09.022","SCZ","","single",2018
"aoki_2014",2014,0.3,-0.14,0.73,NA,"positive","keech_3","10.1093/brain/awu231","10.1016/j.psyneuen.2017.09.022","ASD","","single",2018
"davis_2013",2013,0.3,-0.48,1.07,NA,"positive","keech_3","10.1016/j.schres.2013.04.023","10.1016/j.psyneuen.2017.09.022","SCZ","","single",2018
"gibson_2014",2014,-0.05,-1.04,0.94,NA,"positive","keech_3","10.1016/j.schres.2014.04.009","10.1016/j.psyneuen.2017.09.022","SCZ","","multiple",2018
"jarskog_2017",2017,-0.26,-0.79,0.26,NA,"positive","keech_3","10.1016/j.schres.2017.01.008","10.1016/j.psyneuen.2017.09.022","SCZ","","multiple",2018
"pedersen_2011",2011,0.5,-0.36,1.4,NA,"positive","keech_3","10.1016/j.schres.2011.07.027","10.1016/j.psyneuen.2017.09.022","SCZ","","multiple",2018
"woolley_2014",2014,0.29,0.01,0.57,NA,"positive","keech_3","10.1016/j.psyneuen.2014.04.024","10.1016/j.psyneuen.2017.09.022","SCZ","","single",2018
"davis_2014",2014,-0.42,-1.26,0.43,NA,"negative","oya_1","10.1038/npp.2014.68","10.1007/s00406-015-0634-9","SCZ","","multiple",2015
"feifel_2010",2010,-0.41,-1.05,0.24,NA,"negative","oya_1","10.1016/j.biopsych.2010.04.039","10.1007/s00406-015-0634-9","SCZ","","multiple",2015
"gibson_2014",2014,-0.72,-1.83,0.38,NA,"negative","oya_1","10.1016/j.schres.2014.04.009","10.1007/s00406-015-0634-9","SCZ","","multiple",2015
"lee_2013",2013,0.9,0.11,1.68,NA,"negative","oya_1","10.1016/j.schres.2013.01.001","10.1007/s00406-015-0634-9","SCZ","","multiple",2015
"modabbernia_2013",2013,-1.83,-2.58,-1.08,NA,"negative","oya_1","10.1007/s40263-012-0022-1","10.1007/s00406-015-0634-9","SCZ","","multiple",2015
"pedersen_2011",2011,-0.3,-1.18,0.59,NA,"negative","oya_1","10.1016/j.schres.2011.07.027","10.1007/s00406-015-0634-9","SCZ","","multiple",2015
"woolley_2014",2014,0.0357,NA,NA,0.1797,"positive","leppanen_2017_1","10.1016/j.psyneuen.2014.04.024","10.1016/j.neubiorev.2017.04.010","healthy","","single",2017
"woolley_2014",2014,-0.3759,NA,NA,0.1858,"positive","leppanen_2017_1","10.1016/j.psyneuen.2014.04.024","10.1016/j.neubiorev.2017.04.010","healthy","","single",2017
"woolley_2014",2014,0.1431,NA,NA,0.1805,"positive","leppanen_2017_1","10.1016/j.psyneuen.2014.04.024","10.1016/j.neubiorev.2017.04.010","healthy","","single",2017
"domes_2007",2007,0.4679,NA,NA,0.2355,"positive","leppanen_2017_1","10.1016/j.biopsych.2006.07.015","10.1016/j.neubiorev.2017.04.010","healthy","","single",2017
"radke_2015",2015,0.0918,NA,NA,0.2046,"positive","leppanen_2017_1","10.1016/j.psyneuen.2015.06.006","10.1016/j.neubiorev.2017.04.010","healthy","","single",2017
"woolley_2016",2016,-0.0615,NA,NA,0.1742,"positive","leppanen_2017_1","10.1007/s00213-016-4308-8","10.1016/j.neubiorev.2017.04.010","healthy","","single",2017
"aoki_2014",2014,0.5366,NA,NA,0.2392,"positive","leppanen_2017_1","10.1093/brain/awu231","10.1016/j.neubiorev.2017.04.010","ASD","","single",2017
"macdonald_2013",2013,0.4991,NA,NA,0.2572,"positive","leppanen_2017_1","10.1016/j.psyneuen.2013.05.014","10.1016/j.neubiorev.2017.04.010","depression","","single",2017
"guastella_2015a",2015,0.3916,NA,NA,0.2264,"positive","leppanen_2017_1","10.1016/j.schres.2015.06.005","10.1016/j.neubiorev.2017.04.010","SCZ","","single",2017
"woolley_2014",2014,-0.016,NA,NA,0.1857,"positive","leppanen_2017_1","10.1016/j.psyneuen.2014.04.024","10.1016/j.neubiorev.2017.04.010","SCZ","","single",2017
"woolley_2014",2014,0.3541,NA,NA,0.1914,"positive","leppanen_2017_1","10.1016/j.psyneuen.2014.04.024","10.1016/j.neubiorev.2017.04.010","SCZ","","single",2017
"woolley_2014",2014,-0.0183,NA,NA,0.1857,"positive","leppanen_2017_1","10.1016/j.psyneuen.2014.04.024","10.1016/j.neubiorev.2017.04.010","SCZ","","single",2017
"jesso_2011",2011,-0.4553,NA,NA,0.2349,"positive","leppanen_2017_1","10.1093/brain/awr171","10.1016/j.neubiorev.2017.04.010","FTD","","single",2017
"mitchell_2016",2016,0.24,NA,NA,0.1852,"positive","leppanen_2017_1","10.1097/ADM.0000000000000213","10.1016/j.neubiorev.2017.04.010","substance dependence","alcohol dependence","single",2017
"woolley_2016",2016,-0.5124,NA,NA,0.1852,"positive","leppanen_2017_1","10.1007/s00213-016-4308-8","10.1016/j.neubiorev.2017.04.010","SCZ","","single",2017
"leppanen_2017a",2017,-0.2078,NA,NA,0.1877,"positive","leppanen_2017_1","10.1111/jne.12458","10.1016/j.neubiorev.2017.04.010","healthy","","single",2017
"leppanen_2017a",2017,0.0976,NA,NA,0.183,"positive","leppanen_2017_1","10.1111/jne.12458","10.1016/j.neubiorev.2017.04.010","healthy","","single",2017
"feeser_2015",2015,0.6182,NA,NA,0.243,"positive","leppanen_2017_1","10.1016/j.psyneuen.2014.12.015","10.1016/j.neubiorev.2017.04.010","healthy","","single",2017
"luminet_2011",2011,0.3014,NA,NA,0.2597,"positive","leppanen_2017_1","10.1016/j.biopsycho.2011.05.005","10.1016/j.neubiorev.2017.04.010","healthy","","single",2017
"riem_2014",2014,-0.0164,NA,NA,0.2828,"positive","leppanen_2017_1","10.1016/j.pnpbp.2014.01.014","10.1016/j.neubiorev.2017.04.010","healthy","","single",2017
"cardoso_2014",2014,0.0471,NA,NA,0.221,"positive","leppanen_2017_1","10.1037/a0034314","10.1016/j.neubiorev.2017.04.010","healthy","","single",2017
"cardoso_2014",2014,0.083,NA,NA,0.221,"positive","leppanen_2017_1","10.1037/a0034314","10.1016/j.neubiorev.2017.04.010","healthy","","single",2017
"cardoso_2014",2014,-0.6139,NA,NA,0.2261,"positive","leppanen_2017_1","10.1037/a0034314","10.1016/j.neubiorev.2017.04.010","healthy","","single",2017
"domes_2014",2014,-0.2576,NA,NA,0.2717,"positive","leppanen_2017_2","10.1038/npp.2013.254","10.1016/j.neubiorev.2017.04.010","healty","","single",2017
"domes_2014",2014,0.3082,NA,NA,0.2735,"positive","leppanen_2017_2","10.1038/npp.2013.254","10.1016/j.neubiorev.2017.04.010","healthy","","single",2017
"fischer-shofty_2010",2010,0.1483,NA,NA,0.1935,"positive","leppanen_2017_2","10.1016/j.neuropsychologia.2009.09.003","10.1016/j.neubiorev.2017.04.010","healthy","","single",2017
"kirkpatrick_2014",2014,0.2718,NA,NA,0.2171,"positive","leppanen_2017_2","10.1038/npp.2014.12","10.1016/j.neubiorev.2017.04.010","healthy","","single",2017
"kirkpatrick_2014",2014,-0.0512,NA,NA,0.1526,"positive","leppanen_2017_2","10.1038/npp.2014.12","10.1016/j.neubiorev.2017.04.010","healthy","","single",2017
"domes_2014",2014,0.5288,NA,NA,0.2853,"positive","leppanen_2017_2","10.1038/npp.2013.254","10.1016/j.neubiorev.2017.04.010","ASD","","single",2017
"domes_2014",2014,0.5835,NA,NA,0.2891,"positive","leppanen_2017_2","10.1038/npp.2013.254","10.1016/j.neubiorev.2017.04.010","ASD","","single",2017
"averbeck_2012",2012,0.584,NA,NA,0.2361,"positive","leppanen_2017_2","10.1017/S0033291711001413","10.1016/j.neubiorev.2017.04.010","SCZ","","single",2017
"averbeck_2012",2012,0.584,NA,NA,0.2361,"positive","leppanen_2017_2","10.1017/S0033291711001413","10.1016/j.neubiorev.2017.04.010","SCZ","","single",2017
"guastella_2015a",2015,0.1328,NA,NA,0.2192,"positive","leppanen_2017_2","10.1016/j.schres.2015.06.005","10.1016/j.neubiorev.2017.04.010","SCZ","","single",2017
"guastella_2015a",2015,-0.3972,NA,NA,0.2267,"positive","leppanen_2017_2","10.1016/j.schres.2015.06.005","10.1016/j.neubiorev.2017.04.010","SCZ","","single",2017
"kirsch_2005",2005,0.0728,NA,NA,0.2585,"positive","leppanen_2017_2","10.1523/JNEUROSCI.3984-05.2005","10.1016/j.neubiorev.2017.04.010","healthy","","single",2017
"koch_2016",2016,0.3625,NA,NA,0.1721,"positive","leppanen_2017_2","10.1038/npp.2015.299","10.1016/j.neubiorev.2017.04.010","PTSD","","single",2017
"koch_2016",2016,-0.0887,NA,NA,0.1584,"positive","leppanen_2017_2","10.1038/npp.2015.299","10.1016/j.neubiorev.2017.04.010","healthy","","single",2017
"chen_2015",2015,0.0097,NA,NA,0.0702,"positive","leppanen_2017_2","10.1038/tp.2015.163","10.1016/j.neubiorev.2017.04.010","healthy","","single",2017
"bertsch_2013",2013,0.2268,NA,NA,0.3134,"positive","leppanen_2017_2","10.1176/appi.ajp.2013.13020263","10.1016/j.neubiorev.2017.04.010","healthy","","single",2017
"bertsch_2013",2013,0.2724,NA,NA,0.3139,"positive","leppanen_2017_2","10.1176/appi.ajp.2013.13020263","10.1016/j.neubiorev.2017.04.010","healthy","","single",2017
"feeser_2014",2014,0.6024,NA,NA,0.2258,"positive","leppanen_2017_2","10.1007/s00213-014-3631-1","10.1016/j.neubiorev.2017.04.010","healthy","","single",2017
"lischke_2012a",2012,0.0973,NA,NA,0.292,"positive","leppanen_2017_2","10.1016/j.psyneuen.2011.07.015","10.1016/j.neubiorev.2017.04.010","healthy","","single",2017
"marsh_2010",2010,0.3644,NA,NA,0.2854,"positive","leppanen_2017_2","10.1007/s00213-010-1780-4","10.1016/j.neubiorev.2017.04.010","healthy","","single",2017
"schulze_2011",2011,0.2888,NA,NA,0.2687,"positive","leppanen_2017_2","10.1016/j.psyneuen.2011.03.011","10.1016/j.neubiorev.2017.04.010","healthy","","single",2017
"schulze_2011",2011,0.6382,NA,NA,0.274,"positive","leppanen_2017_2","10.1016/j.psyneuen.2011.03.011","10.1016/j.neubiorev.2017.04.010","healthy","","single",2017
"schulze_2011",2011,0.6048,NA,NA,0.2733,"positive","leppanen_2017_2","10.1016/j.psyneuen.2011.03.011","10.1016/j.neubiorev.2017.04.010","healthy","","single",2017
"campbell_2014",2014,0.7657,NA,NA,0.3553,"positive","leppanen_2017_2","10.1016/j.neurobiolaging.2014.04.021","10.1016/j.neubiorev.2017.04.010","healthy","","single",2017
"bertsch_2013",2013,-0.0245,NA,NA,0.3245,"positive","leppanen_2017_2","10.1176/appi.ajp.2013.13020263","10.1016/j.neubiorev.2017.04.010","BPD","","single",2017
"bertsch_2013",2013,-0.135,NA,NA,0.3248,"positive","leppanen_2017_2","10.1176/appi.ajp.2013.13020263","10.1016/j.neubiorev.2017.04.010","BPD","","single",2017
"campbell_2014",2014,-0.1593,NA,NA,0.3435,"positive","leppanen_2017_2","10.1016/j.neurobiolaging.2014.04.021","10.1016/j.neubiorev.2017.04.010","healthy","","single",2017
"campbell_2014",2014,-0.0145,NA,NA,0.343,"positive","leppanen_2017_2","10.1016/j.neurobiolaging.2014.04.021","10.1016/j.neubiorev.2017.04.010","healthy","","single",2017
"campbell_2014",2014,0.0684,NA,NA,0.3431,"positive","leppanen_2017_2","10.1016/j.neurobiolaging.2014.04.021","10.1016/j.neubiorev.2017.04.010","healthy","","single",2017
"gamer_2010",2010,0.0552,NA,NA,0.2949,"positive","leppanen_2017_2","10.1073/pnas.1000985107","10.1016/j.neubiorev.2017.04.010","healthy","","single",2017
"kanat_2015",2015,-0.0518,NA,NA,0.3051,"positive","leppanen_2017_2","10.1038/npp.2014.183","10.1016/j.neubiorev.2017.04.010","healthy","","single",2017
"kanat_2015",2015,-0.0945,NA,NA,0.3052,"positive","leppanen_2017_2","10.1038/npp.2014.183","10.1016/j.neubiorev.2017.04.010","healthy","","single",2017
"averbeck_2012",2012,0.1763,NA,NA,0.2199,"positive","leppanen_2017_3","10.1017/S0033291711001413","10.1016/j.neubiorev.2017.04.010","SCZ","","single",2017
"averbeck_2012",2012,0.1679,NA,NA,0.2198,"positive","leppanen_2017_3","10.1017/S0033291711001413","10.1016/j.neubiorev.2017.04.010","SCZ","","single",2017
"fischer-shofty_2010",2010,-0.0518,NA,NA,0.1926,"positive","leppanen_2017_3","10.1016/j.neuropsychologia.2009.09.003","10.1016/j.neubiorev.2017.04.010","healthy","","single",2017
"kirkpatrick_2014",2014,0.0651,NA,NA,0.1527,"positive","leppanen_2017_3","10.1038/npp.2014.12","10.1016/j.neubiorev.2017.04.010","healthy","","single",2017
"kirkpatrick_2014",2014,0.1896,NA,NA,0.2151,"positive","leppanen_2017_3","10.1038/npp.2014.12","10.1016/j.neubiorev.2017.04.010","healthy","","single",2017
"chen_2015",2015,0.0181,NA,NA,0.0702,"positive","leppanen_2017_3","10.1038/tp.2015.163","10.1016/j.neubiorev.2017.04.010","healthy","","single",2017
"bertsch_2013",2013,-0.0897,NA,NA,0.3246,"positive","leppanen_2017_3","10.1176/appi.ajp.2013.13020263","10.1016/j.neubiorev.2017.04.010","BPD","","single",2017
"bertsch_2013",2013,0.3884,NA,NA,0.3275,"positive","leppanen_2017_3","10.1176/appi.ajp.2013.13020263","10.1016/j.neubiorev.2017.04.010","BPD","","single",2017
"bertsch_2013",2013,0.2071,NA,NA,0.3133,"positive","leppanen_2017_3","10.1176/appi.ajp.2013.13020263","10.1016/j.neubiorev.2017.04.010","healthy","","single",2017
"bertsch_2013",2013,0.4124,NA,NA,0.3157,"positive","leppanen_2017_3","10.1176/appi.ajp.2013.13020263","10.1016/j.neubiorev.2017.04.010","healthy","","single",2017
"feeser_2014",2014,-0.3072,NA,NA,0.2222,"positive","leppanen_2017_3","10.1007/s00213-014-3631-1","10.1016/j.neubiorev.2017.04.010","healthy","","single",2017
"lischke_2012a",2012,-0.1647,NA,NA,0.2923,"positive","leppanen_2017_3","10.1016/j.psyneuen.2011.07.015","10.1016/j.neubiorev.2017.04.010","healthy","","single",2017
"marsh_2010",2010,0.4018,NA,NA,0.2859,"positive","leppanen_2017_3","10.1007/s00213-010-1780-4","10.1016/j.neubiorev.2017.04.010","healthy","","single",2017
"schulze_2011",2011,0.5301,NA,NA,0.2719,"positive","leppanen_2017_3","10.1016/j.psyneuen.2011.03.011","10.1016/j.neubiorev.2017.04.010","healthy","","single",2017
"schulze_2011",2011,0.4653,NA,NA,0.2709,"positive","leppanen_2017_3","10.1016/j.psyneuen.2011.03.011","10.1016/j.neubiorev.2017.04.010","healthy","","single",2017
"schulze_2011",2011,-0.0248,NA,NA,0.2673,"positive","leppanen_2017_3","10.1016/j.psyneuen.2011.03.011","10.1016/j.neubiorev.2017.04.010","healthy","","single",2017
"kanat_2015",2015,-0.32,NA,NA,0.2923,"positive","leppanen_2017_3","10.1038/npp.2014.183","10.1016/j.neubiorev.2017.04.010","healthy","","single",2017
"kanat_2015",2015,-0.1501,NA,NA,0.2859,"positive","leppanen_2017_3","10.1038/npp.2014.183","10.1016/j.neubiorev.2017.04.010","healthy","","single",2017
"averbeck_2012",2012,0.1071,NA,NA,0.2188,"positive","leppanen_2017_4","10.1017/S0033291711001413","10.1016/j.neubiorev.2017.04.010","SCZ","","single",2017
"averbeck_2012",2012,0.4198,NA,NA,0.2276,"positive","leppanen_2017_4","10.1017/S0033291711001413","10.1016/j.neubiorev.2017.04.010","SCZ","","single",2017
"fischer-shofty_2010",2010,0.4999,NA,NA,0.2041,"positive","leppanen_2017_4","10.1016/j.neuropsychologia.2009.09.003","10.1016/j.neubiorev.2017.04.010","healthy","","single",2017
"kirkpatrick_2014",2014,-0.1261,NA,NA,0.1531,"positive","leppanen_2017_4","10.1038/npp.2014.12","10.1016/j.neubiorev.2017.04.010","healthy","","single",2017
"kirkpatrick_2014",2014,0.3719,NA,NA,0.2204,"positive","leppanen_2017_4","10.1038/npp.2014.12","10.1016/j.neubiorev.2017.04.010","healthy","","single",2017
"chen_2015",2015,0.1266,NA,NA,0.0705,"positive","leppanen_2017_4","10.1038/tp.2015.163","10.1016/j.neubiorev.2017.04.010","healthy","","single",2017
"bertsch_2013",2013,-0.2448,NA,NA,0.3257,"positive","leppanen_2017_4","10.1176/appi.ajp.2013.13020263","10.1016/j.neubiorev.2017.04.010","BPD","","single",2017
"bertsch_2013",2013,0.0718,NA,NA,0.3245,"positive","leppanen_2017_4","10.1176/appi.ajp.2013.13020263","10.1016/j.neubiorev.2017.04.010","BPD","","single",2017
"bertsch_2013",2013,0.3291,NA,NA,0.3145,"positive","leppanen_2017_4","10.1176/appi.ajp.2013.13020263","10.1016/j.neubiorev.2017.04.010","healthy","","single",2017
"bertsch_2013",2013,0.3689,NA,NA,0.3151,"positive","leppanen_2017_4","10.1176/appi.ajp.2013.13020263","10.1016/j.neubiorev.2017.04.010","healthy","","single",2017
"feeser_2014",2014,0.4842,NA,NA,0.2241,"positive","leppanen_2017_4","10.1007/s00213-014-3631-1","10.1016/j.neubiorev.2017.04.010","healthy","","single",2017
"lischke_2012a",2012,0.6769,NA,NA,0.3,"positive","leppanen_2017_4","10.1016/j.psyneuen.2011.07.015","10.1016/j.neubiorev.2017.04.010","healthy","","single",2017
"marsh_2010",2010,0.3178,NA,NA,0.2848,"positive","leppanen_2017_4","10.1007/s00213-010-1780-4","10.1016/j.neubiorev.2017.04.010","healthy","","single",2017
"gamer_2010",2010,-0.2013,NA,NA,0.2956,"positive","leppanen_2017_4","10.1073/pnas.1000985107","10.1016/j.neubiorev.2017.04.010","healthy","","single",2017
"averbeck_2012",2012,-0.0609,NA,NA,0.2184,"positive","leppanen_2017_5","10.1017/S0033291711001413","10.1016/j.neubiorev.2017.04.010","SCZ","","single",2017
"averbeck_2012",2012,0.1259,NA,NA,0.2191,"positive","leppanen_2017_5","10.1017/S0033291711001413","10.1016/j.neubiorev.2017.04.010","SCZ","","single",2017
"fischer-shofty_2010",2010,0.1995,NA,NA,0.1944,"positive","leppanen_2017_5","10.1016/j.neuropsychologia.2009.09.003","10.1016/j.neubiorev.2017.04.010","healthy","","single",2017
"marsh_2010",2010,0.2009,NA,NA,0.2838,"positive","leppanen_2017_5","10.1007/s00213-010-1780-4","10.1016/j.neubiorev.2017.04.010","healthy","","single",2017
"feeser_2014",2014,0.3829,NA,NA,0.2229,"positive","leppanen_2017_5","10.1007/s00213-014-3631-1","10.1016/j.neubiorev.2017.04.010","healthy","","single",2017
"averbeck_2012",2012,0.3694,NA,NA,0.2255,"positive","leppanen_2017_6","10.1017/S0033291711001413","10.1016/j.neubiorev.2017.04.010","SCZ","","single",2017
"averbeck_2012",2012,0.3296,NA,NA,0.2241,"positive","leppanen_2017_6","10.1017/S0033291711001413","10.1016/j.neubiorev.2017.04.010","SCZ","","single",2017
"chen_2015",2015,-0.0535,NA,NA,0.0702,"positive","leppanen_2017_6","10.1038/tp.2015.163","10.1016/j.neubiorev.2017.04.010","healthy","","single",2017
"fischer-shofty_2010",2010,-0.1293,NA,NA,0.1933,"positive","leppanen_2017_6","10.1016/j.neuropsychologia.2009.09.003","10.1016/j.neubiorev.2017.04.010","healthy","","single",2017
"kirkpatrick_2014",2014,0.2884,NA,NA,0.2176,"positive","leppanen_2017_6","10.1038/npp.2014.12","10.1016/j.neubiorev.2017.04.010","healthy","","single",2017
"kirkpatrick_2014",2014,0.0481,NA,NA,0.1526,"positive","leppanen_2017_6","10.1038/npp.2014.12","10.1016/j.neubiorev.2017.04.010","healthy","","single",2017
"feeser_2014",2014,0.2256,NA,NA,0.2216,"positive","leppanen_2017_6","10.1007/s00213-014-3631-1","10.1016/j.neubiorev.2017.04.010","healthy","","single",2017
"lischke_2012a",2012,-0.0363,NA,NA,0.2918,"positive","leppanen_2017_6","10.1016/j.psyneuen.2011.07.015","10.1016/j.neubiorev.2017.04.010","healthy","","single",2017
"marsh_2010",2010,-0.1005,NA,NA,0.2832,"positive","leppanen_2017_6","10.1007/s00213-010-1780-4","10.1016/j.neubiorev.2017.04.010","healthy","","single",2017
"averbeck_2012",2012,0,NA,NA,0.2182,"positive","leppanen_2017_7","10.1017/S0033291711001413","10.1016/j.neubiorev.2017.04.010","SCZ","","single",2017
"averbeck_2012",2012,-0.0693,NA,NA,0.2185,"positive","leppanen_2017_7","10.1017/S0033291711001413","10.1016/j.neubiorev.2017.04.010","SCZ","","single",2017
"fischer-shofty_2010",2010,-0.1003,NA,NA,0.1929,"positive","leppanen_2017_7","10.1016/j.neuropsychologia.2009.09.003","10.1016/j.neubiorev.2017.04.010","healthy","","single",2017
"marsh_2010",2010,0.4767,NA,NA,0.2871,"positive","leppanen_2017_7","10.1007/s00213-010-1780-4","10.1016/j.neubiorev.2017.04.010","healthy","","single",2017
"feeser_2014",2014,-0.1721,NA,NA,0.2213,"positive","leppanen_2017_7","10.1007/s00213-014-3631-1","10.1016/j.neubiorev.2017.04.010","healthy","","single",2017
"averbeck_2012",2012,0.1595,NA,NA,0.2196,"positive","leppanen_2017_8","10.1017/S0033291711001413","10.1016/j.neubiorev.2017.04.010","SCZ","","single",2017
"averbeck_2012",2012,0.2729,NA,NA,0.2222,"positive","leppanen_2017_8","10.1017/S0033291711001413","10.1016/j.neubiorev.2017.04.010","SCZ","","single",2017
"fischer-shofty_2010",2010,0.0102,NA,NA,0.1925,"positive","leppanen_2017_8","10.1016/j.neuropsychologia.2009.09.003","10.1016/j.neubiorev.2017.04.010","healthy","","single",2017
"kirkpatrick_2014",2014,0.1972,NA,NA,0.2153,"positive","leppanen_2017_8","10.1038/npp.2014.12","10.1016/j.neubiorev.2017.04.010","healthy","","single",2017
"kirkpatrick_2014",2014,-0.2449,NA,NA,0.1548,"positive","leppanen_2017_8","10.1038/npp.2014.12","10.1016/j.neubiorev.2017.04.010","healthy","","single",2017
"chen_2015",2015,-0.1087,NA,NA,0.0704,"positive","leppanen_2017_8","10.1038/tp.2015.163","10.1016/j.neubiorev.2017.04.010","healthy","","single",2017
"bertsch_2013",2013,-0.6634,NA,NA,0.3332,"positive","leppanen_2017_8","10.1176/appi.ajp.2013.13020263","10.1016/j.neubiorev.2017.04.010","BPD","","single",2017
"bertsch_2013",2013,-0.2167,NA,NA,0.3254,"positive","leppanen_2017_8","10.1176/appi.ajp.2013.13020263","10.1016/j.neubiorev.2017.04.010","BPD","","single",2017
"bertsch_2013",2013,-0.0333,NA,NA,0.3125,"positive","leppanen_2017_8","10.1176/appi.ajp.2013.13020263","10.1016/j.neubiorev.2017.04.010","healthy","","single",2017
"bertsch_2013",2013,0,NA,NA,0.3124,"positive","leppanen_2017_8","10.1176/appi.ajp.2013.13020263","10.1016/j.neubiorev.2017.04.010","healthy","","single",2017
"feeser_2014",2014,0,NA,NA,0.2209,"positive","leppanen_2017_8","10.1007/s00213-014-3631-1","10.1016/j.neubiorev.2017.04.010","healthy","","single",2017
"lischke_2012a",2012,-0.0332,NA,NA,0.2918,"positive","leppanen_2017_8","10.1016/j.psyneuen.2011.07.015","10.1016/j.neubiorev.2017.04.010","healthy","","single",2017
"marsh_2010",2010,0.653,NA,NA,0.2905,"positive","leppanen_2017_8","10.1007/s00213-010-1780-4","10.1016/j.neubiorev.2017.04.010","healthy","","single",2017
"schulze_2011",2011,0.6587,NA,NA,0.2744,"positive","leppanen_2017_8","10.1016/j.psyneuen.2011.03.011","10.1016/j.neubiorev.2017.04.010","healthy","","single",2017
"schulze_2011",2011,0.7368,NA,NA,0.2762,"positive","leppanen_2017_8","10.1016/j.psyneuen.2011.03.011","10.1016/j.neubiorev.2017.04.010","healthy","","single",2017
"schulze_2011",2011,0.4942,NA,NA,0.2713,"positive","leppanen_2017_8","10.1016/j.psyneuen.2011.03.011","10.1016/j.neubiorev.2017.04.010","healthy","","single",2017
"gamer_2010",2010,0.2321,NA,NA,0.2959,"positive","leppanen_2017_8","10.1073/pnas.1000985107","10.1016/j.neubiorev.2017.04.010","healthy","","single",2017
"kanat_2015",2015,-0.0518,NA,NA,0.3051,"positive","leppanen_2017_8","10.1038/npp.2014.183","10.1016/j.neubiorev.2017.04.010","healthy","","single",2017
"kanat_2015",2015,0.1763,NA,NA,0.3054,"positive","leppanen_2017_8","10.1038/npp.2014.183","10.1016/j.neubiorev.2017.04.010","healthy","","single",2017
"kim_2015",2015,0.0246,NA,NA,0.1691,"negative","leppanen_2017_9","10.1371/journal.pone.0137514","10.1016/j.neubiorev.2017.04.010","AN","","single",2017
"kim_2015",2015,0.1417,NA,NA,0.1699,"negative","leppanen_2017_9","10.1371/journal.pone.0137514","10.1016/j.neubiorev.2017.04.010","AN","","single",2017
"kim_2015",2015,-0.0215,NA,NA,0.1691,"negative","leppanen_2017_9","10.1371/journal.pone.0137514","10.1016/j.neubiorev.2017.04.010","AN","","single",2017
"kim_2015",2015,-0.0058,NA,NA,0.169,"negative","leppanen_2017_9","10.1371/journal.pone.0137514","10.1016/j.neubiorev.2017.04.010","AN","","single",2017
"kim_2015",2015,-0.3605,NA,NA,0.177,"negative","leppanen_2017_9","10.1371/journal.pone.0137514","10.1016/j.neubiorev.2017.04.010","BN","","single",2017
"kim_2015",2015,-0.0301,NA,NA,0.1715,"negative","leppanen_2017_9","10.1371/journal.pone.0137514","10.1016/j.neubiorev.2017.04.010","BN","","single",2017
"kim_2015",2015,-0.2353,NA,NA,0.1739,"negative","leppanen_2017_9","10.1371/journal.pone.0137514","10.1016/j.neubiorev.2017.04.010","BN","","single",2017
"kim_2015",2015,-0.3912,NA,NA,0.1779,"negative","leppanen_2017_9","10.1371/journal.pone.0137514","10.1016/j.neubiorev.2017.04.010","BN","","single",2017
"kim_2015",2015,-0.258,NA,NA,0.177,"negative","leppanen_2017_9","10.1371/journal.pone.0137514","10.1016/j.neubiorev.2017.04.010","healthy","","single",2017
"kim_2015",2015,-0.2347,NA,NA,0.1765,"negative","leppanen_2017_9","10.1371/journal.pone.0137514","10.1016/j.neubiorev.2017.04.010","healthy","","single",2017
"kim_2015",2015,-0.2815,NA,NA,0.1775,"negative","leppanen_2017_9","10.1371/journal.pone.0137514","10.1016/j.neubiorev.2017.04.010","healthy","","single",2017
"kim_2015",2015,-0.4089,NA,NA,0.1812,"negative","leppanen_2017_9","10.1371/journal.pone.0137514","10.1016/j.neubiorev.2017.04.010","healthy","","single",2017
"chen_2015",2015,0.012,NA,NA,0.0702,"negative","leppanen_2017_9","10.1038/tp.2015.163","10.1016/j.neubiorev.2017.04.010","healthy","","single",2017
"chen_2015",2015,0.0583,NA,NA,0.0702,"negative","leppanen_2017_9","10.1038/tp.2015.163","10.1016/j.neubiorev.2017.04.010","healthy","","single",2017
"chen_2015",2015,0.0485,NA,NA,0.0702,"negative","leppanen_2017_9","10.1038/tp.2015.163","10.1016/j.neubiorev.2017.04.010","healthy","","single",2017
"chen_2015",2015,0.149,NA,NA,0.0706,"negative","leppanen_2017_9","10.1038/tp.2015.163","10.1016/j.neubiorev.2017.04.010","healthy","","single",2017
"lischke_2012a",2012,-0.7674,NA,NA,0.2945,"negative","leppanen_2017_9","10.1016/j.psyneuen.2011.07.015","10.1016/j.neubiorev.2017.04.010","healthy","","single",2017
"lischke_2012a",2012,-0.5766,NA,NA,0.2933,"negative","leppanen_2017_9","10.1016/j.psyneuen.2011.07.015","10.1016/j.neubiorev.2017.04.010","healthy","","single",2017
"lischke_2012a",2012,-0.4593,NA,NA,0.2928,"negative","leppanen_2017_9","10.1016/j.psyneuen.2011.07.015","10.1016/j.neubiorev.2017.04.010","healthy","","single",2017
"lischke_2012a",2012,-0.4052,NA,NA,0.2925,"negative","leppanen_2017_9","10.1016/j.psyneuen.2011.07.015","10.1016/j.neubiorev.2017.04.010","healthy","","single",2017
"brune_2015",2015,-0.1676,NA,NA,0.26,"positive","leppanen_2017_10","10.1097/NMD.0000000000000240","10.1016/j.neubiorev.2017.04.010","BPD","","single",2017
"brune_2015",2015,-0.2168,NA,NA,0.2612,"positive","leppanen_2017_10","10.1097/NMD.0000000000000240","10.1016/j.neubiorev.2017.04.010","BPD","","single",2017
"woolley_2017",2017,0.3301,NA,NA,0.2054,"positive","leppanen_2017_10","10.1017/S0033291716003433","10.1016/j.neubiorev.2017.04.010","SCZ","","single",2017
"woolley_2017",2017,0.2292,NA,NA,0.2026,"positive","leppanen_2017_10","10.1017/S0033291716003433","10.1016/j.neubiorev.2017.04.010","SCZ","","single",2017
"leppanen_2017a",2017,-0.3986,NA,NA,0.1897,"positive","leppanen_2017_10","10.1111/jne.12458","10.1016/j.neubiorev.2017.04.010","AN","","single",2017
"leppanen_2017a",2017,-0.0442,NA,NA,0.1827,"positive","leppanen_2017_10","10.1111/jne.12458","10.1016/j.neubiorev.2017.04.010","AN","","single",2017
"brune_2015",2015,-0.1771,NA,NA,0.2602,"positive","leppanen_2017_10","10.1097/NMD.0000000000000240","10.1016/j.neubiorev.2017.04.010","heatlhy","","single",2017
"brune_2015",2015,0.3912,NA,NA,0.2679,"positive","leppanen_2017_10","10.1097/NMD.0000000000000240","10.1016/j.neubiorev.2017.04.010","healthy","","single",2017
"woolley_2017",2017,0.4866,NA,NA,0.2035,"positive","leppanen_2017_10","10.1017/S0033291716003433","10.1016/j.neubiorev.2017.04.010","healthy","","single",2017
"woolley_2017",2017,0.2621,NA,NA,0.1957,"positive","leppanen_2017_10","10.1017/S0033291716003433","10.1016/j.neubiorev.2017.04.010","healthy","","single",2017
"leppanen_2017a",2017,-0.2362,NA,NA,0.1883,"positive","leppanen_2017_10","10.1111/jne.12458","10.1016/j.neubiorev.2017.04.010","healthy","","single",2017
"leppanen_2017a",2017,0.2243,NA,NA,0.188,"positive","leppanen_2017_10","10.1111/jne.12458","10.1016/j.neubiorev.2017.04.010","healthy","","single",2017
"korb_2016",2016,0.3507,NA,NA,0.2602,"positive","leppanen_2017_10","10.1016/j.yhbeh.2016.06.003","10.1016/j.neubiorev.2017.04.010","healthy","","single",2017
"korb_2016",2016,0.1488,NA,NA,0.2586,"positive","leppanen_2017_10","10.1016/j.yhbeh.2016.06.003","10.1016/j.neubiorev.2017.04.010","healthy","","single",2017
"borg_2011",2011,0.07,NA,NA,0.117,"negative","leslie_1","10.1111/j.1365-2982.2010.01599.x","10.1111/jne.12584","healthy","","single",2018
"borg_2011",2011,0.078,NA,NA,0.195,"negative","leslie_1","10.1111/j.1365-2982.2010.01599.x","10.1111/jne.12584","healthy","","single",2018
"borg_2011",2011,0.139,NA,NA,0.218,"negative","leslie_1","10.1111/j.1365-2982.2010.01599.x","10.1111/jne.12584","healthy","","single",2018
"borg_2012",2012,-0.346,NA,NA,0.277,"negative","leslie_1","10.1186/1756-0500-5-148","10.1111/jne.12584","diabetes","gastric paresis","single",2018
"burmester_2018",2018,-0.128,NA,NA,0.261,"negative","leslie_1","10.1016/j.appet.2017.11.035","10.1111/jne.12584","healthy","","single",2018
"burmester_2018",2018,-0.111,NA,NA,0.298,"negative","leslie_1","10.1016/j.appet.2017.11.035","10.1111/jne.12584","healthy","","single",2018
"kim_2014a",2014,0.038,NA,NA,0.111,"negative","leslie_1","10.1016/j.psyneuen.2014.02.019","10.1111/jne.12584","healthy","","single",2018
"kim_2014a",2014,0.018,NA,NA,0.138,"negative","leslie_1","10.1016/j.psyneuen.2014.02.019","10.1111/jne.12584","AN","","single",2018
"kim_2015",2015,-0.154,NA,NA,0.175,"negative","leslie_1","10.1371/journal.pone.0137514","10.1111/jne.12584","healthy","","single",2018
"kim_2015",2015,0.199,NA,NA,0.131,"negative","leslie_1","10.1371/journal.pone.0137514","10.1111/jne.12584","AN","","single",2018
"kim_2015",2015,-0.481,NA,NA,0.201,"negative","leslie_1","10.1371/journal.pone.0137514","10.1111/jne.12584","BN","","single",2018
"kim_2015",2015,0.24,NA,NA,0.126,"negative","leslie_1","10.1371/journal.pone.0137514","10.1111/jne.12584","healthy","","single",2018
"kim_2015",2015,0.066,NA,NA,0.123,"negative","leslie_1","10.1371/journal.pone.0137514","10.1111/jne.12584","AN","","single",2018
"kim_2015",2015,0.21,NA,NA,0.128,"negative","leslie_1","10.1371/journal.pone.0137514","10.1111/jne.12584","BN","","single",2018
"lawson_2015",2015,-0.678,NA,NA,0.166,"negative","leslie_1","10.1002/oby.21069","10.1111/jne.12584","healthy","","single",2018
"leppanen_2017b",2017,-0.323,NA,NA,0.207,"negative","leslie_1","10.1016/j.psyneuen.2017.01.017","10.1111/jne.12584","healthy","","single",2018
"leppanen_2017b",2017,0.137,NA,NA,0.175,"negative","leslie_1","10.1016/j.psyneuen.2017.01.017","10.1111/jne.12584","AN","","single",2018
"ott_2013",2013,0.021,NA,NA,0.187,"negative","leslie_1","10.2337/db13-0663","10.1111/jne.12584","healthy","","single",2018
"ott_2013",2013,-0.311,NA,NA,0.192,"negative","leslie_1","10.2337/db13-0663","10.1111/jne.12584","healthy","","single",2018
"thienel_2016",2016,-0.362,NA,NA,0.204,"negative","leslie_1","10.1038/ijo.2016.149","10.1111/jne.12584","healthy","","single",2018
"thienel_2016",2016,-0.495,NA,NA,0.209,"negative","leslie_1","10.1038/ijo.2016.149","10.1111/jne.12584","healthy","","single",2018
"burmester_2018",2018,-0.128,NA,NA,0.261,"negative","leslie_2","10.1016/j.appet.2017.11.035","10.1111/jne.12584","healthy","","single",2018
"burmester_2018",2018,-0.111,NA,NA,0.298,"negative","leslie_2","10.1016/j.appet.2017.11.035","10.1111/jne.12584","healthy","","single",2018
"kim_2015",2015,-0.154,NA,NA,0.175,"negative","leslie_2","10.1371/journal.pone.0137514","10.1111/jne.12584","healthy","","single",2018
"kim_2015",2015,0.199,NA,NA,0.131,"negative","leslie_2","10.1371/journal.pone.0137514","10.1111/jne.12584","AN","","single",2018
"kim_2015",2015,-0.481,NA,NA,0.201,"negative","leslie_2","10.1371/journal.pone.0137514","10.1111/jne.12584","BN","","single",2018
"lawson_2015",2015,-0.678,NA,NA,0.166,"negative","leslie_2","10.1002/oby.21069","10.1111/jne.12584","healthy","","single",2018
"ott_2013",2013,0.021,NA,NA,0.187,"negative","leslie_2","10.2337/db13-0663","10.1111/jne.12584","healthy","","single",2018
"ott_2013",2013,-0.311,NA,NA,0.192,"negative","leslie_2","10.2337/db13-0663","10.1111/jne.12584","healthy","","single",2018
"thienel_2016",2016,-0.362,NA,NA,0.204,"negative","leslie_2","10.1038/ijo.2016.149","10.1111/jne.12584","healthy","","single",2018
"thienel_2016",2016,-0.495,NA,NA,0.209,"negative","leslie_2","10.1038/ijo.2016.149","10.1111/jne.12584","healthy","","single",2018
"buchanan_2017",2017,0.37,-0.33,1.07,NA,"negative","zheng_1","10.1097/JCP.0000000000000720","10.1016/j.schres.2018.12.007","SCZ","","multiple",2019
"dagani_2016",2016,0.46,-0.24,1.16,NA,"negative","zheng_1","10.1016/j.schres.2016.02.011","10.1016/j.schres.2018.12.007","SCZ","","multiple",2019
"davis_2014",2014,-0.42,-1.26,0.43,NA,"negative","zheng_1","10.1038/npp.2014.68","10.1016/j.schres.2018.12.007","SCZ","","multiple",2019
"feifel_2010",2010,-0.39,-1.44,0.65,NA,"negative","zheng_1","10.1016/j.biopsych.2010.04.039","10.1016/j.schres.2018.12.007","SCZ","","multiple",2019
"gibson_2014",2014,-0.72,-1.83,0.38,NA,"negative","zheng_1","10.1016/j.schres.2014.04.009","10.1016/j.schres.2018.12.007","SCZ","","multiple",2019
"lee_2013",2013,0.9,0.11,1.68,NA,"negative","zheng_1","10.1016/j.schres.2013.01.001","10.1016/j.schres.2018.12.007","SCZ","","multiple",2019
"modabbernia_2013",2013,-0.79,-1.44,-0.15,NA,"negative","zheng_1","10.1007/s40263-012-0022-1","10.1016/j.schres.2018.12.007","SCZ","","multiple",2019
"pedersen_2011",2011,-0.3,-1.18,0.59,NA,"negative","zheng_1","10.1016/j.schres.2011.07.027","10.1016/j.schres.2018.12.007","SCZ","","multiple",2019
"buchanan_2017",2017,0.54,-0.17,1.25,NA,"negative","zheng_2","10.1097/JCP.0000000000000720","10.1016/j.schres.2018.12.007","SCZ","","multiple",2019
"cacciotti-saija_2014",2014,0.63,0.08,1.19,NA,"negative","zheng_2","10.1093/schbul/sbu094","10.1016/j.schres.2018.12.007","SCZ","","multiple",2019
"dagani_2016",2016,0,-0.69,0.69,NA,"negative","zheng_2","10.1016/j.schres.2016.02.011","10.1016/j.schres.2018.12.007","SCZ","","multiple",2019
"feifel_2010",2010,-0.38,-1.42,0.67,NA,"negative","zheng_2","10.1016/j.biopsych.2010.04.039","10.1016/j.schres.2018.12.007","SCZ","","multiple",2019
"gibson_2014",2014,-0.89,-2.01,0.24,NA,"negative","zheng_2","10.1016/j.schres.2014.04.009","10.1016/j.schres.2018.12.007","SCZ","","multiple",2019
"modabbernia_2013",2013,-1.12,-1.8,-0.45,NA,"negative","zheng_2","10.1007/s40263-012-0022-1","10.1016/j.schres.2018.12.007","SCZ","","multiple",2019
"pedersen_2011",2011,-0.47,-1.37,0.42,NA,"negative","zheng_2","10.1016/j.schres.2011.07.027","10.1016/j.schres.2018.12.007","SCZ","","multiple",2019
"buchanan_2017",2017,-0.26,-0.96,0.44,NA,"negative","zheng_3","10.1097/JCP.0000000000000720","10.1016/j.schres.2018.12.007","SCZ","","multiple",2019
"cacciotti-saija_2014",2014,-0.22,-0.77,0.32,NA,"negative","zheng_3","10.1093/schbul/sbu094","10.1016/j.schres.2018.12.007","SCZ","","multiple",2019
"dagani_2016",2016,0.8,0.07,1.52,NA,"negative","zheng_3","10.1016/j.schres.2016.02.011","10.1016/j.schres.2018.12.007","SCZ","","multiple",2019
"davis_2014",2014,0.33,-0.51,1.17,NA,"negative","zheng_3","10.1038/npp.2014.68","10.1016/j.schres.2018.12.007","SCZ","","multiple",2019
"feifel_2010",2010,-0.47,-1.52,0.58,NA,"negative","zheng_3","10.1016/j.biopsych.2010.04.039","10.1016/j.schres.2018.12.007","SCZ","","multiple",2019
"gibson_2014",2014,0.02,-1.04,1.08,NA,"negative","zheng_3","10.1016/j.schres.2014.04.009","10.1016/j.schres.2018.12.007","SCZ","","multiple",2019
"lee_2013",2013,-0.56,-1.32,0.2,NA,"negative","zheng_3","10.1016/j.schres.2013.01.001","10.1016/j.schres.2018.12.007","SCZ","","multiple",2019
"modabbernia_2013",2013,-0.14,-0.76,0.49,NA,"negative","zheng_3","10.1007/s40263-012-0022-1","10.1016/j.schres.2018.12.007","SCZ","","multiple",2019
"pedersen_2011",2011,0.23,-0.65,1.12,NA,"negative","zheng_3","10.1016/j.schres.2011.07.027","10.1016/j.schres.2018.12.007","SCZ","","multiple",2019
"dagani_2016",2016,0.26,-0.43,0.96,NA,"negative","zheng_4","10.1016/j.schres.2016.02.011","10.1016/j.schres.2018.12.007","SCZ","","multiple",2019
"feifel_2010",2010,-0.21,-1.25,0.83,NA,"negative","zheng_4","10.1016/j.biopsych.2010.04.039","10.1016/j.schres.2018.12.007","SCZ","","multiple",2019
"gibson_2014",2014,-0.57,-1.65,0.52,NA,"negative","zheng_4","10.1016/j.schres.2014.04.009","10.1016/j.schres.2018.12.007","SCZ","","multiple",2019
"modabbernia_2013",2013,-0.43,-1.06,0.2,NA,"negative","zheng_4","10.1007/s40263-012-0022-1","10.1016/j.schres.2018.12.007","SCZ","","multiple",2019
"pedersen_2011",2011,-0.24,-1.12,0.65,NA,"negative","zheng_4","10.1016/j.schres.2011.07.027","10.1016/j.schres.2018.12.007","SCZ","","multiple",2019
"striepens_2012",2012,0.7,0.21,1.18,NA,"positive","leppanen_2018_1","10.1073/pnas.1208852109","10.1016/j.jad.2017.08.041","healthy","","single",2018
"prehn_2013",2013,0.26,-0.31,0.84,NA,"positive","leppanen_2018_1","10.1111/psyp.12042","10.1016/j.jad.2017.08.041","healthy","","single",2018
"prehn_2013",2013,0.54,-0.04,1.12,NA,"positive","leppanen_2018_1","10.1111/psyp.12042","10.1016/j.jad.2017.08.041","healthy","","single",2018
"grillon_2013",2013,-0.03,-0.48,0.42,NA,"positive","leppanen_2018_1","10.1038/mp.2012.156","10.1016/j.jad.2017.08.041","healthy","","single",2018
"grillon_2013",2013,0.07,-0.38,0.52,NA,"positive","leppanen_2018_1","10.1038/mp.2012.156","10.1016/j.jad.2017.08.041","healthy","","single",2018
"grillon_2013",2013,0.03,-0.37,0.43,NA,"positive","leppanen_2018_1","10.1038/mp.2012.156","10.1016/j.jad.2017.08.041","healthy","","single",2018
"grillon_2013",2013,0.19,-0.21,0.6,NA,"positive","leppanen_2018_1","10.1038/mp.2012.156","10.1016/j.jad.2017.08.041","healthy","","single",2018
"leknes_2013",2013,0.44,0.11,0.77,NA,"positive","leppanen_2018_1","10.1093/scan/nss062","10.1016/j.jad.2017.08.041","healthy","","single",2018
"eckstein_2016",2016,0.72,0.1,1.33,NA,"positive","leppanen_2018_1","10.1038/npp.2015.245","10.1016/j.jad.2017.08.041","healthy","","single",2018
"acheson_2013",2013,0.03,-0.57,0.62,NA,"positive","leppanen_2018_1","10.1007/s00213-013-3099-4","10.1016/j.jad.2017.08.041","healthy","","single",2018
"eckstein_2015",2015,0.5,-0.15,1.16,NA,"positive","leppanen_2018_1","10.1016/j.biopsych.2014.10.015","10.1016/j.jad.2017.08.041","healthy","","single",2018
"kim_2014a",2014,-0.53,-0.9,-0.17,NA,"positive","leppanen_2018_2","10.1016/j.psyneuen.2014.02.019","10.1016/j.jad.2017.08.041","healthy","","single",2018
"kim_2014b",2014,-0.47,-0.84,-0.1,NA,"positive","leppanen_2018_2","10.1371/journal.pone.0090721","10.1016/j.jad.2017.08.041","healthy","","single",2018
"brune_2013",2013,-1.64,-2.47,-0.81,NA,"positive","leppanen_2018_2","10.1002/hup.2343","10.1016/j.jad.2017.08.041","healthy","","single",2018
"kim_2014a",2014,-0.21,-0.55,0.14,NA,"positive","leppanen_2018_2","10.1016/j.psyneuen.2014.02.019","10.1016/j.jad.2017.08.041","healthy","","single",2018
"kim_2014b",2014,-0.2,-0.55,0.16,NA,"positive","leppanen_2018_2","10.1371/journal.pone.0090721","10.1016/j.jad.2017.08.041","healthy","","single",2018
"ellenbogen_2012",2012,0.09,-0.42,0.61,NA,"positive","leppanen_2018_2","10.1111/j.1469-8986.2011.01278.x","10.1016/j.jad.2017.08.041","healthy","","single",2018
"ellenbogen_2012",2012,0.1,-0.42,0.61,NA,"positive","leppanen_2018_2","10.1111/j.1469-8986.2011.01278.x","10.1016/j.jad.2017.08.041","healthy","","single",2018
"ellenbogen_2012",2012,-0.31,-0.83,0.21,NA,"positive","leppanen_2018_2","10.1111/j.1469-8986.2011.01278.x","10.1016/j.jad.2017.08.041","healthy","","single",2018
"ellenbogen_2012",2012,0,-0.51,0.51,NA,"positive","leppanen_2018_2","10.1111/j.1469-8986.2011.01278.x","10.1016/j.jad.2017.08.041","healthy","","single",2018
"ellenbogen_2012",2012,0.03,-0.48,0.55,NA,"positive","leppanen_2018_2","10.1111/j.1469-8986.2011.01278.x","10.1016/j.jad.2017.08.041","healthy","","single",2018
"ellenbogen_2012",2012,-0.12,-0.64,0.39,NA,"positive","leppanen_2018_2","10.1111/j.1469-8986.2011.01278.x","10.1016/j.jad.2017.08.041","healthy","","single",2018
"clark-elford_2015",2015,0.04,-0.35,0.42,NA,"positive","leppanen_2018_2","10.1093/ijnp/pyu012","10.1016/j.jad.2017.08.041","healthy","","single",2018
"kim_2014a",2014,-0.28,-0.64,0.08,NA,"positive","leppanen_2018_2","10.1016/j.psyneuen.2014.02.019","10.1016/j.jad.2017.08.041","AN","","single",2018
"kim_2014a",2014,0.5,0.13,0.87,NA,"positive","leppanen_2018_2","10.1016/j.psyneuen.2014.02.019","10.1016/j.jad.2017.08.041","AN","","single",2018
"kim_2015",2015,0.09,-0.26,0.44,NA,"positive","leppanen_2018_2","10.1371/journal.pone.0137514","10.1016/j.jad.2017.08.041","BN","","single",2018
"kim_2015",2015,0.04,-0.31,0.39,NA,"positive","leppanen_2018_2","10.1371/journal.pone.0137514","10.1016/j.jad.2017.08.041","BN","","single",2018
"kim_2015",2015,-0.22,-0.57,0.14,NA,"positive","leppanen_2018_2","10.1371/journal.pone.0137514","10.1016/j.jad.2017.08.041","BN","","single",2018
"kim_2015",2015,-0.47,-0.84,-0.1,NA,"positive","leppanen_2018_2","10.1371/journal.pone.0137514","10.1016/j.jad.2017.08.041","BN","","single",2018
"domes_2016",2016,0.5,-0.1,1.1,NA,"positive","leppanen_2018_2","10.1186/s12888-016-0794-9","10.1016/j.jad.2017.08.041","depression","","single",2018
"domes_2016",2016,0.14,-0.46,0.73,NA,"positive","leppanen_2018_2","10.1186/s12888-016-0794-9","10.1016/j.jad.2017.08.041","depression","","single",2018
"domes_2016",2016,-0.33,-0.93,0.27,NA,"positive","leppanen_2018_2","10.1186/s12888-016-0794-9","10.1016/j.jad.2017.08.041","depression","","single",2018
"brune_2013",2013,1.3,0.56,2.04,NA,"positive","leppanen_2018_2","10.1002/hup.2343","10.1016/j.jad.2017.08.041","BPD","","single",2018
"clark-elford_2015",2015,-0.42,-0.93,0.09,NA,"positive","leppanen_2018_2","10.1093/ijnp/pyu012","10.1016/j.jad.2017.08.041","anxiety","","single",2018
"kim_2014c",2014,-0.38,-0.75,-0.02,NA,"positive","leppanen_2018_3","10.4306/pi.2014.11.2.160","10.1016/j.jad.2017.08.041","AN","","single",2018
"kim_2015",2015,0.08,-0.27,0.43,NA,"positive","leppanen_2018_3","10.1371/journal.pone.0137514","10.1016/j.jad.2017.08.041","BN","","single",2018
"kim_2015",2015,0.36,0,0.73,NA,"positive","leppanen_2018_3","10.1371/journal.pone.0137514","10.1016/j.jad.2017.08.041","BN","","single",2018
"kim_2014c",2014,0.02,-0.33,0.37,NA,"positive","leppanen_2018_3","10.4306/pi.2014.11.2.160","10.1016/j.jad.2017.08.041","AN","","single",2018
"kim_2015",2015,0.28,-0.08,0.64,NA,"positive","leppanen_2018_3","10.1371/journal.pone.0137514","10.1016/j.jad.2017.08.041","BN","","single",2018
"kim_2015",2015,0,-0.36,0.35,NA,"positive","leppanen_2018_3","10.1371/journal.pone.0137514","10.1016/j.jad.2017.08.041","BN","","single",2018
"leppanen_2017b",2017,0.26,-0.11,0.62,NA,"positive","leppanen_2018_3","10.1016/j.psyneuen.2017.01.017","10.1016/j.jad.2017.08.041","AN","","single",2018
"leppanen_2017b",2017,-0.22,-0.58,0.14,NA,"positive","leppanen_2018_3","10.1016/j.psyneuen.2017.01.017","10.1016/j.jad.2017.08.041","AN","","single",2018
"leppanen_2017b",2017,-0.47,-0.85,-0.1,NA,"positive","leppanen_2018_3","10.1016/j.psyneuen.2017.01.017","10.1016/j.jad.2017.08.041","AN","","single",2018
"leppanen_2017b",2017,0.02,-0.34,0.38,NA,"positive","leppanen_2018_3","10.1016/j.psyneuen.2017.01.017","10.1016/j.jad.2017.08.041","AN","","single",2018
"kim_2014c",2014,-0.4,-0.77,-0.03,NA,"positive","leppanen_2018_3","10.4306/pi.2014.11.2.160","10.1016/j.jad.2017.08.041","AN","","single",2018
"kim_2015",2015,0.09,-0.26,0.44,NA,"positive","leppanen_2018_3","10.1371/journal.pone.0137514","10.1016/j.jad.2017.08.041","BN","","single",2018
"kim_2015",2015,0.12,-0.23,0.47,NA,"positive","leppanen_2018_3","10.1371/journal.pone.0137514","10.1016/j.jad.2017.08.041","BN","","single",2018
"bertsch_2013",2013,-0.12,-0.74,0.49,NA,"positive","leppanen_2018_4","10.1176/appi.ajp.2013.13020263","10.1016/j.jad.2017.08.041","healthy","","single",2018
"domes_2013",2013,-0.28,-0.78,0.22,NA,"positive","leppanen_2018_4","10.1016/j.biopsych.2013.02.007","10.1016/j.jad.2017.08.041","healthy","","single",2018
"hubble_2017",2017,-0.11,-0.47,0.24,NA,"positive","leppanen_2018_4","10.1017/S1355617716000886","10.1016/j.jad.2017.08.041","healthy","","single",2018
"lischke_2012a",2012,0.38,-0.22,0.97,NA,"positive","leppanen_2018_4","10.1016/j.psyneuen.2011.07.015","10.1016/j.jad.2017.08.041","healthy","","single",2018
"hubble_2017",2017,0,-0.35,0.36,NA,"positive","leppanen_2018_4","10.1017/S1355617716000886","10.1016/j.jad.2017.08.041","healthy","","single",2018
"bertsch_2013",2013,0.31,-0.31,0.92,NA,"positive","leppanen_2018_4","10.1176/appi.ajp.2013.13020263","10.1016/j.jad.2017.08.041","healthy","","single",2018
"hubble_2017",2017,-0.23,-0.6,0.13,NA,"positive","leppanen_2018_4","10.1017/S1355617716000886","10.1016/j.jad.2017.08.041","healthy","","single",2018
"lischke_2012a",2012,-0.45,-1.04,0.15,NA,"positive","leppanen_2018_4","10.1016/j.psyneuen.2011.07.015","10.1016/j.jad.2017.08.041","healthy","","single",2018
"hubble_2017",2017,0,-0.35,0.36,NA,"positive","leppanen_2018_4","10.1017/S1355617716000886","10.1016/j.jad.2017.08.041","healthy","","single",2018
"lischke_2012b",2012,0,-0.52,0.52,NA,"positive","leppanen_2018_4","10.1016/j.psyneuen.2012.01.011","10.1016/j.jad.2017.08.041","healthy","","single",2018
"lischke_2012b",2012,0.37,-0.17,0.91,NA,"positive","leppanen_2018_4","10.1016/j.psyneuen.2012.01.011","10.1016/j.jad.2017.08.041","healthy","","single",2018
"bertsch_2013",2013,-0.7,-1.33,-0.06,NA,"positive","leppanen_2018_4","10.1176/appi.ajp.2013.13020263","10.1016/j.jad.2017.08.041","BPD","","single",2018
"bertsch_2013",2013,-0.21,-0.85,0.44,NA,"positive","leppanen_2018_4","10.1176/appi.ajp.2013.13020263","10.1016/j.jad.2017.08.041","BPD","","single",2018
"andari_2010",2010,0.57,NA,NA,0.3,"positive","bakermans_kranenburg_1","10.1073/pnas.0910249107","10.1038/tp.2013.34","ASD","","single",2018
"guastella_2010",2010,0.61,NA,NA,0.27,"positive","bakermans_kranenburg_1","10.1016/j.schres.2015.06.005","10.1038/tp.2013.34","ASD","","single",2018
"hollander_2007",2007,0.66,NA,NA,0.53,"positive","bakermans_kranenburg_1","10.1016/j.biopsych.2006.05.030","10.1038/tp.2013.34","ASD","","single",2018
"tauber_2011",2011,0.45,NA,NA,0.41,"positive","bakermans_kranenburg_1","10.1186/1750-1172-6-47","10.1038/tp.2013.34","PWS","","single",2018
"guastella_2009",2009,0.22,NA,NA,0.4,"positive","bakermans_kranenburg_1","10.1016/j.psyneuen.2009.01.005","10.1038/tp.2013.34","anxiety","","multiple",2018
"hall_2012",2012,0.14,NA,NA,0.36,"positive","bakermans_kranenburg_1","10.1016/j.psyneuen.2011.07.020","10.1038/tp.2013.34","anxiety","","single",2018
"labuschagne_2010",2010,0.45,NA,NA,0.25,"positive","bakermans_kranenburg_1","10.1038/npp.2010.123","10.1038/tp.2013.34","anxiety","","single",2018
"pitman_1993",1993,0,NA,NA,0.37,"positive","bakermans_kranenburg_1","10.1016/0165-1781(93)90035-F","10.1038/tp.2013.34","PTSD","","single",2018
"yatzkar_2010",2010,0.41,NA,NA,0.25,"positive","bakermans_kranenburg_1","10.1016/S0924-977X(10)70098-5","10.1038/tp.2013.34","PTSD","","single",2018
"mah_2013",2013,0.44,NA,NA,0.21,"positive","bakermans_kranenburg_1","10.1016/j.pnpbp.2012.10.005","10.1038/tp.2013.34","depression","","single",2018
"pincus_2010",2010,0,NA,NA,0.35,"positive","bakermans_kranenburg_1","10.3389/fpsyt.2010.00134","10.1038/tp.2013.34","depression","","single",2018
"averbeck_2012",2012,0.2,NA,NA,0.2,"positive","bakermans_kranenburg_1","10.1017/S0033291711001413","10.1038/tp.2013.34","SCZ","","single",2018
"feifel_2010",2010,0.55,NA,NA,0.28,"positive","bakermans_kranenburg_1","10.1016/j.biopsych.2010.04.039","10.1038/tp.2013.34","SCZ","","multiple",2018
"goldman_2011",2011,0,NA,NA,0.28,"positive","bakermans_kranenburg_1","10.1007/s00213-011-2193-8","10.1038/tp.2013.34","SCZ","","single",2018
"pedersen_2011",2011,0.47,NA,NA,0.24,"positive","bakermans_kranenburg_1","10.1016/j.schres.2011.07.027","10.1038/tp.2013.34","SCZ","","multiple",2018
"den-boer_1992",1992,-0.95,NA,NA,0.61,"positive","bakermans_kranenburg_1","10.1016/0196-9781(92)90010-Z","10.1038/tp.2013.34","OCD","","multiple",2018
"epperson_1996a",1996,0.53,NA,NA,0.26,"positive","bakermans_kranenburg_1","10.1016/0006-3223(96)00120-5","10.1038/tp.2013.34","OCD","","multiple",2018
"epperson_1996b",1996,0,NA,NA,0.71,"positive","bakermans_kranenburg_1","10.1016/0006-3223(96)00165-5","10.1038/tp.2013.34","OCD","","multiple",2018
"bartz_2011",2011,-1.19,NA,NA,0.59,"positive","bakermans_kranenburg_1","10.1093/scan/nsq085","10.1038/tp.2013.34","BPD","","single",2018
"davis_2014",2014,0.03,-0.78,0.83,NA,"positive","peled_avron_1","10.1038/npp.2014.68","10.1016/j.neubiorev.2020.04.023","SCZ","","multiple",2018
"dagani_2016",2016,0.09,-0.58,0.77,NA,"positive","peled_avron_1","10.1016/j.schres.2016.02.011","10.1016/j.neubiorev.2020.04.023","SCZ","","multiple",2018
"gibson_2014",2014,0.28,-0.71,1.28,NA,"positive","peled_avron_1","10.1016/j.schres.2014.04.009","10.1016/j.neubiorev.2020.04.023","SCZ","","multiple",2018
"buchanan_2017",2017,0.23,-0.45,0.91,NA,"positive","peled_avron_1","10.1097/JCP.0000000000000720","10.1016/j.neubiorev.2020.04.023","SCZ","","multiple",2018
"jarskog_2017",2017,0.24,-0.28,0.76,NA,"positive","peled_avron_1","10.1016/j.schres.2017.01.008","10.1016/j.neubiorev.2020.04.023","SCZ","","multiple",2018
"feifel_2010",2010,0.36,-0.34,1.06,NA,"positive","peled_avron_1","10.1016/j.biopsych.2010.04.039","10.1016/j.neubiorev.2020.04.023","SCZ","","multiple",2018
"lee_2013",2013,0.45,-0.28,1.18,NA,"positive","peled_avron_1","10.1016/j.schres.2013.01.001","10.1016/j.neubiorev.2020.04.023","SCZ","","multiple",2018
"pedersen_2011",2011,0.61,-0.26,1.47,NA,"positive","peled_avron_1","10.1016/j.schres.2011.07.027","10.1016/j.neubiorev.2020.04.023","SCZ","","multiple",2018
"modabbernia_2013",2013,0.75,0.12,1.24,NA,"positive","peled_avron_1","10.1007/s40263-012-0022-1","10.1016/j.neubiorev.2020.04.023","SCZ","","multiple",2018
"van-zuiden_2017",2017,0.28,-0.1,0.66,NA,"positive","peled_avron_2","10.1016/j.biopsych.2016.11.012","10.1016/j.neubiorev.2020.04.023","PTSD","","multiple",2018
"flanagan_2018",2018,0.46,-0.46,1.38,NA,"positive","peled_avron_2","10.1016/j.jpsychires.2017.12.014","10.1016/j.neubiorev.2020.04.023","PTSD","","multiple",2018
"scantamburlo_2015",2015,1.06,0.43,1.69,NA,"positive","peled_avron_3","10.1016/j.eurpsy.2014.08.007","10.1016/j.neubiorev.2020.04.023","depression","MDD","multiple",2018
"clarici_2015",2015,1.82,0.64,3,NA,"positive","peled_avron_3","10.3389/fpsyg.2015.00426","10.1016/j.neubiorev.2020.04.023","depression","PND","multiple",2018
"tachibana_2013",2013,-1.11,-1.93,-0.29,NA,"positive","peled_avron_4","10.1089/cap.2012.0048","10.1016/j.neubiorev.2020.04.023","ASD","","multiple",2018
"dadds_2014",2014,0.22,-0.4,0.85,NA,"positive","peled_avron_4","10.1007/s10803-013-1899-3","10.1016/j.neubiorev.2020.04.023","ASD","","multiple",2018
"kosaka_2016",2016,0.15,-0.46,0.75,NA,"positive","peled_avron_4","10.1038/tp.2016.152","10.1016/j.neubiorev.2020.04.023","ASD","","multiple",2018
"hirosawa_2017",2017,0.45,-0.15,1.04,NA,"positive","peled_avron_4","10.1002/aur.1761","10.1016/j.neubiorev.2020.04.023","ASD","","multiple",2018
"anagnostou_2012",2012,0.19,-0.68,1.05,NA,"positive","peled_avron_5","10.1186/2040-2392-3-16","10.1016/j.neubiorev.2020.04.023","ASD","","multiple",2018
"guastella_2015b",2015,0.02,-0.52,0.57,NA,"positive","peled_avron_5","10.1111/jcpp.12305","10.1016/j.neubiorev.2020.04.023","ASD","","multiple",2018
"parker_2017",2017,0.01,-0.67,0.69,NA,"positive","peled_avron_5","10.1073/pnas.1705521114","10.1016/j.neubiorev.2020.04.023","ASD","","multiple",2018
"hirosawa_2017",2017,0.72,0.07,1.37,NA,"positive","peled_avron_5","10.1002/aur.1761","10.1016/j.neubiorev.2020.04.023","ASD","","multiple",2018
"yamasue_2018",2018,0.3,-0.09,0.68,NA,"positive","peled_avron_5","10.1038/s41380-018-0097-2","10.1016/j.neubiorev.2020.04.023","ASD","","multiple",2018
"watanabe_2015",2015,0.36,-0.25,0.98,NA,"positive","peled_avron_5","10.1093/brain/awv249","10.1016/j.neubiorev.2020.04.023","ASD","","multiple",2018
"yatawara_2016",2016,0.01,-0.69,0.71,NA,"positive","peled_avron_5","10.1038/mp.2015.162","10.1016/j.neubiorev.2020.04.023","ASD","","multiple",2018
"anagnostou_2012",2012,0.51,-0.36,1.39,NA,"positive","peled_avron_6","10.1186/2040-2392-3-16","10.1016/j.neubiorev.2020.04.023","ASD","","multiple",2018
"dadds_2014",2014,0.58,-0.06,1.22,NA,"positive","peled_avron_6","10.1007/s10803-013-1899-3","10.1016/j.neubiorev.2020.04.023","ASD","","multiple",2018
"guastella_2015b",2015,0.02,-0.53,0.57,NA,"positive","peled_avron_6","10.1111/jcpp.12305","10.1016/j.neubiorev.2020.04.023","ASD","","multiple",2018
"parker_2017",2017,0.82,0.11,1.53,NA,"positive","peled_avron_6","10.1073/pnas.1705521114","10.1016/j.neubiorev.2020.04.023","ASD","","multiple",2018
"yamasue_2018",2018,0.12,-0.27,0.5,NA,"positive","peled_avron_6","10.1038/s41380-018-0097-2","10.1016/j.neubiorev.2020.04.023","ASD","","multiple",2018
"watanabe_2015",2015,0.79,0.1,1.49,NA,"positive","peled_avron_6","10.1093/brain/awv249","10.1016/j.neubiorev.2020.04.023","ASD","","multiple",2018
"yatawara_2016",2016,1.32,0.55,2.09,NA,"positive","peled_avron_6","10.1038/mp.2015.162","10.1016/j.neubiorev.2020.04.023","ASD","","multiple",2018
"andari_2010",2010,-0.21,-0.98,0.56,NA,"positive","wang_1","10.1073/pnas.0910249107","10.1016/j.rasd.2019.03.007","ASD","","single",2019
"guastella_2010",2010,0.24,-0.48,0.96,NA,"positive","wang_1","10.1016/j.schres.2015.06.005","10.1016/j.rasd.2019.03.007","ASD","","single",2019
"anagnostou_2012",2012,-1.12,-2.1,-0.15,NA,"positive","wang_1","10.1186/2040-2392-3-16","10.1016/j.rasd.2019.03.007","ASD","","multiple",2019
"domes_2013",2013,-0.19,-0.93,0.55,NA,"positive","wang_1","10.1016/j.biopsych.2013.02.007","10.1016/j.rasd.2019.03.007","ASD","","single",2019
"aoki_2014",2014,0.31,-0.31,0.94,NA,"positive","wang_1","10.1093/brain/awu231","10.1016/j.rasd.2019.03.007","ASD","","single",2019
"dadds_2014",2014,0,-0.64,0.64,NA,"positive","wang_1","10.1007/s10803-013-1899-3","10.1016/j.rasd.2019.03.007","ASD","","multiple",2019
"watanabe_2014",2014,0.22,-0.26,0.7,NA,"positive","wang_1","10.1001/jamapsychiatry.2013.3181","10.1016/j.rasd.2019.03.007","ASD","","single",2019
"auyeung_2015",2015,0.19,-0.3,0.69,NA,"positive","wang_1","10.1038/tp.2014.146","10.1016/j.rasd.2019.03.007","ASD","","single",2019
"guastella_2015b",2015,-0.06,-0.61,0.5,NA,"positive","wang_1","10.1111/jcpp.12305","10.1016/j.rasd.2019.03.007","ASD","","multiple",2019
"watanabe_2015",2015,-0.36,-1.4,0.69,NA,"positive","wang_1","10.1093/brain/awv249","10.1016/j.rasd.2019.03.007","ASD","","multiple",2019
"kosaka_2016",2016,0.22,-0.44,0.87,NA,"positive","wang_1","10.1038/tp.2016.152","10.1016/j.rasd.2019.03.007","ASD","","multiple",2019
"munesue_2016",2016,-0.83,-1.61,-0.06,NA,"positive","wang_1","10.3389/fpsyt.2016.00002","10.1016/j.rasd.2019.03.007","ASD","","multiple",2019
"yatawara_2016",2016,0.26,-0.24,0.76,NA,"positive","wang_1","10.1038/mp.2015.162","10.1016/j.rasd.2019.03.007","ASD","","multiple",2019
"quintana_2017",2017,1.23,0.49,1.96,NA,"positive","wang_1","10.1016/j.biopsych.2017.02.428","10.1016/j.rasd.2019.03.007","ASD","","single",2019
"yamasue_2018",2018,-0.2,-0.58,0.19,NA,"positive","wang_1","10.1038/s41380-018-0097-2","10.1016/j.rasd.2019.03.007","ASD","","multiple",2019
"hollander_2003",2003,-0.39,-1.11,0.34,NA,"positive","wang_2","10.1038/sj.npp.1300021","10.1016/j.rasd.2019.03.007","ASD","","single",2019
"anagnostou_2012",2012,0.48,-0.44,1.39,NA,"positive","wang_2","10.1186/2040-2392-3-16","10.1016/j.rasd.2019.03.007","ASD","","multiple",2019
"dadds_2014",2014,0.08,-0.56,0.71,NA,"positive","wang_2","10.1007/s10803-013-1899-3","10.1016/j.rasd.2019.03.007","ASD","","multiple",2019
"guastella_2015b",2015,-0.12,-0.67,0.44,NA,"positive","wang_2","10.1111/jcpp.12305","10.1016/j.rasd.2019.03.007","ASD","","multiple",2019
"watanabe_2015",2015,0.28,-0.76,1.31,NA,"positive","wang_2","10.1093/brain/awv249","10.1016/j.rasd.2019.03.007","ASD","","multiple",2019
"kosaka_2016",2016,-0.47,-1.12,0.18,NA,"positive","wang_2","10.1038/tp.2016.152","10.1016/j.rasd.2019.03.007","ASD","","multiple",2019
"munesue_2016",2016,0.26,-0.48,0.99,NA,"positive","wang_2","10.3389/fpsyt.2016.00002","10.1016/j.rasd.2019.03.007","ASD","","multiple",2019
"yatawara_2016",2016,0.6,0.09,1.11,NA,"positive","wang_2","10.1038/mp.2015.162","10.1016/j.rasd.2019.03.007","ASD","","multiple",2019
"yamasue_2018",2018,-0.3,-0.69,0.09,NA,"positive","wang_2","10.1038/s41380-018-0097-2","10.1016/j.rasd.2019.03.007","ASD","","multiple",2019
